seqID,DBLa0.1,DBLa0.10,DBLa0.11,DBLa0.12,DBLa0.13,DBLa0.14,DBLa0.15,DBLa0.16,DBLa0.17,DBLa0.18,DBLa0.19,DBLa0.2,DBLa0.20,DBLa0.21,DBLa0.22,DBLa0.23,DBLa0.24,DBLa0.3,DBLa0.4,DBLa0.5,DBLa0.6,DBLa0.7,DBLa0.8,DBLa0.9,DBLa1.1,DBLa1.2,DBLa1.3,DBLa1.4,DBLa1.5,DBLa1.6,DBLa1.7,DBLa1.8,DBLa2
seq_301,0,0,0,0,0,0,0,0,0,0,0,0,0,0,0,0,0,-332.0773364067002,0,0,0,0,-296.8920518356793,0,-308.39135808684176,-296.3579526634352,-300.9610424831646,-309.4579048862746,-294.39615981281605,-291.8885323414858,-295.18442003314584,-289.4761599067135,-320.05969288266436
seq_302,0,0,0,0,0,0,0,0,0,0,0,0,0,0,0,0,0,-291.6251363601645,0,0,0,0,-269.30051996825796,0,-269.87576112166295,-259.1565747333408,-275.9028526360852,-275.6280266388219,-258.9281154271984,-259.57496374663845,-258.38635396140853,-258.91547069226135,-291.26640637946633
seq_303,0,0,0,0,0,0,0,0,0,0,0,0,0,0,0,0,0,-339.1910751325852,0,0,0,0,-327.339813234548,0,-321.5935352381766,-315.5195407203693,-322.00087025390087,-315.8349804347994,-293.6441367635269,-308.445280311545,-302.8225862623365,-311.7644247235932,-304.31372178916644
seq_304,0,0,0,0,0,0,0,0,0,0,0,0,0,0,0,0,0,-304.9539426594026,0,0,0,0,-276.0877629249082,0,-281.5665195947462,-279.40320473274096,-286.82492525383867,-281.52895594911683,-259.6933822438785,-270.030054767697,-269.4769865743114,-276.3108174313471,-273.9592637542733
seq_305,0,0,0,0,0,0,0,0,0,0,0,0,0,0,0,0,0,-242.01855734293434,0,0,0,0,-258.2977436483714,0,-239.81586974317057,-242.8371011722018,-272.04511532025657,-198.6548544754633,-221.87643040723674,-226.9910933298047,-208.6381529129573,-242.50621614224417,-258.42827786380747
seq_306,0,0,0,0,0,0,0,0,0,0,0,0,0,0,0,0,0,-285.8718141856906,0,0,0,0,-262.90493604463467,0,-263.65807614470754,-258.18730870522074,-269.7672546636394,-263.2864449255279,-248.14972399340752,-247.8123805952664,-249.7380973756849,-258.06225161953694,-275.72011104109095
seq_307,0,0,0,0,0,0,0,0,0,0,0,0,0,0,0,0,0,-254.87717786645743,0,0,0,0,-269.3996996002058,0,-265.1804668059903,-259.8159791199351,-269.0647112099493,-233.5681665933284,-246.14092254693264,-244.0602235511017,-237.60277303325387,-257.82717104747195,-262.54678130242144
seq_308,0,0,0,0,0,0,0,0,0,0,0,0,0,0,0,0,0,-278.4522863313359,0,0,0,0,-255.21868859812182,0,-254.86992482491357,-247.53013470121053,-278.8800338853241,-256.34956309423575,-225.86335735096927,-254.57574477081369,-243.5230865596062,-251.1300083693639,-268.7110904550903
seq_309,0,0,0,0,0,0,0,0,0,0,0,0,0,0,0,0,0,-339.3577809988104,0,0,0,0,-289.2172347808813,0,-314.38377880756076,-304.1911559492177,-312.9534124233375,-313.7102429692756,-292.5660127473652,-295.52783458914473,-304.5939523667534,-298.14553582041697,-323.5640354884916
seq_310,0,0,0,0,0,0,0,0,0,0,0,0,0,0,0,0,0,-249.05448612198828,0,0,0,0,-265.70893170886995,0,-251.950544592325,-248.4904353816347,-261.23444140880287,-227.4139726502563,-240.52650860405348,-243.0566670152933,-234.84125135296168,-249.33200190302645,-269.32410632148105
seq_311,0,0,0,0,0,0,0,0,0,0,0,0,0,0,0,0,0,-277.2555899653089,0,0,0,0,-257.3277497620202,0,-218.73181705344777,-213.86627716082535,-243.57247132618087,-245.714947920338,-236.66028125622915,-219.19856612858112,-234.1270711507814,-193.8363862748461,-274.97798828708386
seq_312,0,0,0,0,0,0,0,0,0,0,0,0,0,0,0,0,0,-287.0685868730686,0,0,0,0,-279.45321097976944,0,-258.0102880168563,-257.9744617161467,-272.59327404817094,-261.6421146991979,-250.89473344688741,-256.64000486615606,-241.59277359136112,-260.82529022580843,-283.6965647502557
seq_313,0,0,0,0,0,0,0,0,0,0,0,0,0,0,0,0,0,-313.3761448096701,0,0,0,0,-286.91149077525984,0,-290.5540974822368,-284.03580042624014,-298.5780725797121,-285.53970237747,-265.7241709481711,-279.53190856779685,-277.1759917086622,-283.10010005189713,-295.15871912854755
seq_314,0,0,0,0,0,0,0,0,0,0,0,0,0,0,0,0,0,-294.77903447206364,0,0,0,0,-283.5703253169853,0,-269.6233514786163,-262.3146572666444,-284.1981099650883,-266.283307368007,-255.87707778469837,-257.8922186750258,-249.20167369210225,-263.78888806951124,-289.60495604885483
seq_315,0,0,0,0,0,0,0,0,0,0,0,0,0,0,0,0,0,-329.56045467855284,0,0,0,0,-310.3520752947827,0,-295.4231873079647,-292.679494721634,-296.6828825719494,-305.27143264372717,-290.20592187395914,-294.5463773469906,-295.03012007434273,-293.850373936166,-317.5955899725294
seq_316,0,0,0,0,0,0,0,0,0,0,0,0,0,0,0,0,0,-278.7739776204492,0,0,0,0,-264.1798073599246,0,-215.18671915369666,-216.41225057174168,-254.9490307402884,-253.19536091222605,-242.57603904477486,-224.75783265863444,-240.0053243341878,-206.23861083349038,-283.750932576202
seq_317,0,0,0,0,0,0,0,0,0,0,0,0,0,0,0,0,0,-367.04311646460553,0,0,0,0,-347.8700835246195,0,-346.2774254484328,-340.60684196675993,-341.47265307503966,-343.85600328998225,-322.63101616495044,-334.33572627703086,-329.35828035322226,-337.7085500092459,-347.67908571889285
seq_318,0,0,0,0,0,0,0,0,0,0,0,0,0,0,0,0,0,-267.3733929362732,0,0,0,0,-245.66496872228777,0,-183.04634386018233,-200.4366625735374,-235.61037242712246,-238.10593617688065,-215.6829735500421,-216.12398247077914,-224.21850732893597,-198.77489620983064,-265.4446043889949
seq_319,0,0,0,0,0,0,0,0,0,0,0,0,0,0,0,0,0,-275.555828040528,0,0,0,0,-259.35734564223753,0,-242.1218378459085,-252.03698721113227,-259.53902045559306,-243.062432749074,-241.5242183356006,-228.86374227838684,-232.7781695714449,-239.32329460140983,-260.8935729627166
seq_320,0,0,0,0,0,0,0,0,0,0,0,0,0,0,0,0,0,-266.44588782842357,0,0,0,0,-263.2249231407909,0,-177.02370933445582,-206.6090460901037,-242.94017858653464,-244.87969005571836,-227.71226900633968,-220.59988531843615,-221.42152183679505,-207.2344088788141,-273.0707707912388
seq_321,0,0,0,0,0,0,0,0,0,0,0,0,0,0,0,0,0,-222.89209661200672,0,0,0,0,-265.3915940318561,0,-253.79374094575417,-243.24945646024534,-264.01790356730675,-216.09146672118288,-238.40896172134748,-235.00406971052413,-223.60630776528114,-249.47951343374243,-267.1917939156815
seq_322,0,0,0,0,0,0,0,0,0,0,0,0,0,0,0,0,0,-310.1149572527897,0,0,0,0,-290.89164411174715,0,-290.2802200482023,-280.8515083371695,-306.1713476715561,-280.1294307172143,-248.56901688700495,-275.1142699297732,-271.8197426891994,-278.67412394201176,-273.4768975616835
seq_323,0,0,0,0,0,0,0,0,0,0,0,0,0,0,0,0,0,-324.74882794165444,0,0,0,0,-305.020823969931,0,-312.9852414082075,-303.2468316479925,-311.05504345456575,-300.99920077344524,-275.54138177305555,-293.5964864843784,-293.19459866630797,-300.5342507708571,-304.40658366181486
seq_324,0,0,0,0,0,0,0,0,0,0,0,0,0,0,0,0,0,-276.29901779632013,0,0,0,0,-277.7971243502063,0,-258.58685334402054,-253.0216652133469,-273.653605606058,-252.66748233269675,-245.48059213547154,-246.89892920207745,-237.31705749964922,-254.2095229877038,-272.2838356789472
seq_325,0,0,0,0,0,0,0,0,0,0,0,0,0,0,0,0,0,-301.1588965727189,0,0,0,0,-281.6443690956818,0,-273.54529996769156,-272.6640214607568,-283.99351956617164,-279.57774004391484,-257.5780269109482,-268.39253775693084,-270.3139087154242,-269.58564386735014,-278.6267214459499
seq_326,0,0,0,0,0,0,0,0,0,0,0,0,0,0,0,0,0,-267.6994111145824,0,0,0,0,-263.69358938713737,0,-214.33414377170487,-198.12342389090634,-243.84862268636272,-248.70644339186765,-232.2327935899065,-234.69871649572286,-231.3526261624554,-213.60391899921194,-286.0531139616082
seq_327,0,0,0,0,0,0,0,0,0,0,0,0,0,0,0,0,0,-281.360665574226,0,0,0,0,-238.00527795818533,0,-256.49606603307507,-256.8148304162367,-265.10319884093764,-265.4266341743191,-250.32697887076077,-249.76765083879465,-243.41927942748433,-252.1537012703607,-283.3403699074961
seq_328,0,0,0,0,0,0,0,0,0,0,0,0,0,0,0,0,0,-267.65820173462697,0,0,0,0,-259.5954775493708,0,-194.54135579854642,-215.65854419969716,-248.13127678617406,-234.48916164927644,-232.93934089621217,-218.37086060598742,-229.68145046967862,-213.420439741933,-264.61787459338416
seq_329,0,0,0,0,0,0,0,0,0,0,0,0,0,0,0,0,0,-318.89627804357644,0,0,0,0,-286.01717660832617,0,-289.7988559093787,-284.8492516163288,-297.3677403457747,-289.3201666529531,-261.8481354488339,-277.11315421418607,-282.23091791121885,-279.6936245698823,-282.21848322976683
seq_330,0,0,0,0,0,0,0,0,0,0,0,0,0,0,0,0,0,-235.33402673092905,0,0,0,0,-257.46947401117677,0,-239.01070878687364,-239.51961713340484,-268.53980469389006,-198.44699174942969,-230.16022712156717,-208.14368621823104,-217.6029365300351,-238.53854983594238,-251.29305443402447
seq_331,0,0,0,0,0,0,0,0,0,0,0,0,0,0,0,0,0,-248.06067777811774,0,0,0,0,-256.79171945360326,0,-235.45386592941776,-242.44188772094725,-270.9201851547081,-206.36359999506192,-226.9032017063822,-232.05285476862858,-218.50996845454284,-243.782100582274,-266.77069648086444
seq_332,0,0,0,0,0,0,0,0,0,0,0,0,0,0,0,0,0,-264.191675719901,0,0,0,0,-258.4025082763941,0,-211.7502727782468,-191.2635747598007,-244.5118790851555,-242.09202801254338,-227.49272458801997,-236.79289652455728,-226.6034380105338,-213.47352093299887,-282.265232462715
seq_333,0,0,0,0,0,0,0,0,0,0,0,0,0,0,0,0,0,-295.8972797474738,0,0,0,0,-271.44738767604224,0,-276.3424993237275,-267.3446861066403,-286.46899935041023,-278.6519426759468,-256.23855161285513,-267.4600986464258,-266.6302379054611,-270.16444928689305,-268.6082651398349
seq_334,0,0,0,0,0,0,0,0,0,0,0,0,0,0,0,0,0,-285.1331504602492,0,0,0,0,-257.8972357626657,0,-260.0969247168139,-253.1954241630308,-262.1080136427348,-266.1822338540866,-249.4819121866227,-250.98500019634432,-245.74670530802598,-252.2754543299425,-279.1308554744793
seq_335,0,0,0,0,0,0,0,0,0,0,0,0,0,0,0,0,0,-268.4164597794451,0,0,0,0,-254.52829037453537,0,-213.47382706978092,-212.95130121555735,-237.3573806977012,-243.19932456966674,-227.19648045663152,-223.8538852170715,-229.77027585321446,-202.36118445664235,-274.35126370316146
seq_336,0,0,0,0,0,0,0,0,0,0,0,0,0,0,0,0,0,-204.6245229631553,0,0,0,0,-244.34532739729895,0,-236.7933851691893,-225.73249353030556,-257.96765748667355,-200.71506938973369,-215.75380968993665,-209.55528476709688,-204.97712607726086,-225.8326875570137,-260.4787873569191
seq_337,0,0,0,0,0,0,0,0,0,0,0,0,0,0,0,0,0,-285.4825427244569,0,0,0,0,-266.4254538121373,0,-269.807421111292,-258.99056229966646,-277.9633021797551,-261.58444655508305,-238.28566872011953,-246.5747606232104,-251.69304590654733,-256.6996543972685,-264.21282947188234
seq_338,0,0,0,0,0,0,0,0,0,0,0,0,0,0,0,0,0,-304.22102825315415,0,0,0,0,-271.64644568032526,0,-268.1751252373074,-260.2564109290861,-280.3953644130981,-279.7271310867137,-261.9383619298452,-261.070627094095,-271.2607023901192,-258.58077058418985,-292.93077683288044
seq_339,0,0,0,0,0,0,0,0,0,0,0,0,0,0,0,0,0,-278.0943185741762,0,0,0,0,-259.37197880433604,0,-224.83719237942967,-217.23974524018115,-249.8782553183322,-255.2694855798883,-238.3804875904058,-230.69163177929389,-240.3849318750264,-199.65386816933957,-282.7091334791148
seq_340,0,0,0,0,0,0,0,0,0,0,0,0,0,0,0,0,0,-354.7188976661604,0,0,0,0,-318.5370746112777,0,-329.07455082670356,-321.65099803927,-326.3346530664498,-322.32878203377686,-296.805264791543,-312.7477315413504,-313.91790159347727,-318.07634530382427,-317.6650160639156
seq_341,0,0,0,0,0,0,0,0,0,0,0,0,0,0,0,0,0,-323.93109829270486,0,0,0,0,-295.622149949751,0,-298.5310440903134,-295.16364762670366,-304.07793219272185,-300.0290650664316,-267.8561120261846,-286.02021904496866,-289.94813323856835,-289.82692535710856,-273.001206837814
seq_342,0,0,0,0,0,0,0,0,0,0,0,0,0,0,0,0,0,-298.00334871189796,0,0,0,0,-260.60243744723147,0,-265.7561533747505,-255.39319674934356,-265.94841359472963,-268.89576040926966,-258.4459291585447,-246.7227711544318,-254.21966316070683,-252.38691249573134,-277.93152675356276
seq_343,0,0,0,0,0,0,0,0,0,0,0,0,0,0,0,0,0,-201.7858920325485,0,0,0,0,-263.1795438372721,0,-255.99758911083882,-246.61058004205103,-267.98728451389155,-220.7493407740046,-242.2050567007151,-239.26282917464195,-225.4036152893739,-250.60629176431573,-259.0279953219707
seq_344,0,0,0,0,0,0,0,0,0,0,0,0,0,0,0,0,0,-328.0624403235102,0,0,0,0,-308.10680189833676,0,-298.9369978999171,-299.10431358244125,-298.1242925780107,-301.844450978318,-279.4281535424569,-288.1453305740162,-291.7579744355627,-297.9334858503747,-294.39250656417283
seq_345,0,0,0,0,0,0,0,0,0,0,0,0,0,0,0,0,0,-295.71709925799246,0,0,0,0,-270.69150599855533,0,-272.3611347170887,-269.4835687444528,-274.9481541973271,-273.31692517552995,-257.077673389989,-258.3457602005564,-256.93341240887565,-260.68082091683897,-284.7546482472264
seq_346,0,0,0,0,0,0,0,0,0,0,0,0,0,0,0,0,0,-290.0883068383803,0,0,0,0,-318.51400424741473,0,-319.67988732287995,-310.0003453561367,-323.98625265129033,-279.7430465724463,-302.1082145893699,-290.9064253423623,-288.4683703828674,-308.800778173227,-325.9466543380666
seq_347,0,0,0,0,0,0,0,0,0,0,0,0,0,0,0,0,0,-240.3416180247836,0,0,0,0,-258.65807893599424,0,-253.5382335816017,-250.38400326590315,-274.98180498082723,-207.3016218347764,-232.69096120574997,-217.69936827095438,-224.5116587539565,-249.3826662165287,-219.7550674765273
seq_348,0,0,0,0,0,0,0,0,0,0,0,0,0,0,0,0,0,-303.53896787113086,0,0,0,0,-275.0641154920609,0,-278.73738909322327,-269.2665178597206,-286.02494496846316,-273.0659259111343,-249.59969422904672,-261.61537144340514,-263.71380242352615,-269.0463141792032,-282.67635924671646
seq_349,0,0,0,0,0,0,0,0,0,0,0,0,0,0,0,0,0,-262.70423274995966,0,0,0,0,-254.37581455483337,0,-196.02056397702563,-201.93070184416308,-243.53110497184852,-244.042987182308,-219.22126591992583,-220.258328772826,-227.28161100022123,-200.44550174220603,-272.03113547306197
seq_350,0,0,0,0,0,0,0,0,0,0,0,0,0,0,0,0,0,-280.1988809764943,0,0,0,0,-298.1009405236244,0,-293.01494523438134,-285.2296744052967,-297.5222155393129,-264.5867958047569,-272.51385783450496,-269.8873315906297,-269.65692086761646,-282.78421080994025,-294.78687214248293
seq_351,0,0,0,0,0,0,0,0,0,0,0,0,0,0,0,0,0,-280.5304354397367,0,0,0,0,-253.40392365686216,0,-256.8852165062608,-252.20010808799353,-260.79168645017506,-258.7577389612993,-247.27253555659811,-241.67705745366644,-245.64327309993783,-246.95227483941235,-268.59107995267743
seq_352,0,0,0,0,0,0,0,0,0,0,0,0,0,0,0,0,0,-290.98996973138054,0,0,0,0,-277.61544263306416,0,-272.65493277804035,-267.8037904699444,-285.2737682315279,-273.733178306244,-257.1773377836256,-263.3302013172562,-261.33630186802725,-267.6415043294443,-277.0595709903027
seq_353,0,0,0,0,0,0,0,0,0,0,0,0,0,0,0,0,0,-274.15545452851825,0,0,0,0,-258.4323352836585,0,-185.57213204828582,-206.7829289610431,-239.75510409596092,-247.94428620967255,-233.329750703542,-214.47088229585157,-233.1098398713656,-197.50840871945024,-276.8445978497818
seq_354,0,0,0,0,0,0,0,0,0,0,0,0,0,0,0,0,0,-339.28730235730893,0,0,0,0,-322.2868650930909,0,-323.9361456367249,-316.5898953669224,-326.1019657921258,-315.5824055225868,-292.4725492093511,-301.8002839528878,-309.30452142940925,-309.99741096363704,-305.8026989270432
seq_355,0,0,0,0,0,0,0,0,0,0,0,0,0,0,0,0,0,-279.00990462899387,0,0,0,0,-270.8620553405007,0,-271.62755690226487,-260.35500987129313,-289.7339468641297,-257.58863671140693,-232.72332963519702,-250.03746239979392,-251.1691010672514,-257.15596282628354,-256.3688136257368
seq_356,0,0,0,0,0,0,0,0,0,0,0,0,0,0,0,0,0,-228.80806115748723,0,0,0,0,-251.03721854774483,0,-237.80814250800802,-236.19095858711168,-267.6312722794089,-199.6287795428927,-209.81878257638016,-214.3511745135983,-209.59552356136672,-239.94718933277036,-253.7739333650235
seq_357,0,0,0,0,0,0,0,0,0,0,0,0,0,0,0,0,0,-288.7210725323474,0,0,0,0,-269.33876095750963,0,-225.85219157317744,-214.0766218541814,-257.6822684837637,-264.1145307690136,-248.04096720422163,-235.61651435116832,-249.40903247049422,-215.740668184648,-285.97633735346074
seq_358,0,0,0,0,0,0,0,0,0,0,0,0,0,0,0,0,0,-320.1068452976479,0,0,0,0,-303.8400204533716,0,-305.15166617133303,-296.919592494774,-303.9766180114861,-299.43540369238224,-280.41168143464284,-287.40352612336414,-285.08927035931964,-290.91924331520624,-316.96356364138563
seq_359,0,0,0,0,0,0,0,0,0,0,0,0,0,0,0,0,0,-262.9176730178923,0,0,0,0,-249.06144303855186,0,-244.0039854055818,-241.6828217521417,-258.9998080023127,-241.73429991229602,-230.02156130031426,-228.1432082002572,-224.21585545184635,-237.34545211468145,-247.86296564394408
seq_360,0,0,0,0,0,0,0,0,0,0,0,0,0,0,0,0,0,-277.5079885630377,0,0,0,0,-258.54938324761673,0,-215.62022038295027,-214.91744432263806,-245.39993197627103,-252.5629816208324,-238.25460244197453,-221.1817497143795,-238.29388433967043,-196.39311620478966,-276.39990634826233
seq_361,0,0,0,0,0,0,0,0,0,0,0,0,0,0,0,0,0,-282.7548204448148,0,0,0,0,-254.68900431999973,0,-261.59446965531004,-256.4846868935996,-269.11226082077246,-263.7177390565741,-246.10412149301547,-246.01923828573862,-249.4079596413069,-256.29809422974995,-278.10229129721745
seq_362,0,0,0,0,0,0,0,0,0,0,0,0,0,0,0,0,0,-359.1892245247441,0,0,0,0,-343.4223948626278,0,-345.14616621204647,-335.55464605104976,-345.4848593219989,-339.28021104579443,-310.5682079816651,-327.8776090470567,-330.4831580749371,-333.24431134627844,-335.112542349869
seq_363,0,0,0,0,0,0,0,0,0,0,0,0,0,0,0,0,0,-272.48569828222907,0,0,0,0,-249.10873888304835,0,-253.78067728106305,-247.32698534520387,-258.1494000468395,-257.7377611795544,-248.4348109127321,-244.47869402724092,-239.04979069571476,-245.38807986432082,-279.536282528624
seq_364,0,0,0,0,0,0,0,0,0,0,0,0,0,0,0,0,0,-296.4121520930137,0,0,0,0,-272.34317318489275,0,-281.0963828006233,-273.97986913309904,-286.88808899402983,-283.29319765185824,-263.8138407475547,-268.5472633490869,-273.2919474721376,-273.6170877279635,-285.0625902646208
seq_365,0,0,0,0,0,0,0,0,0,0,0,0,0,0,0,0,0,-283.40186413744783,0,0,0,0,-271.13857841516045,0,-264.59739561737,-259.06921444555536,-276.27802484476706,-264.47438520452135,-249.1416690030022,-250.67568291567127,-252.73229167897887,-258.4157047128817,-275.5773779886286
seq_366,0,0,0,0,0,0,0,0,0,0,0,0,0,0,0,0,0,-271.8255760002232,0,0,0,0,-259.816799462271,0,-191.06272843484874,-199.53023197211883,-239.02121838837465,-245.96873803025255,-234.17892279294045,-219.56701931305517,-230.93719427650112,-197.9523234091447,-271.8105782047337
seq_367,0,0,0,0,0,0,0,0,0,0,0,0,0,0,0,0,0,-206.98356903462633,0,0,0,0,-263.17142889272316,0,-251.26650528979425,-245.25766998722023,-264.82896134515164,-220.24228881482642,-238.04519864016922,-233.91837822886768,-217.3136264988574,-248.55000504727164,-265.2676960478857
seq_368,0,0,0,0,0,0,0,0,0,0,0,0,0,0,0,0,0,-317.3451477707252,0,0,0,0,-331.5661674811831,0,-332.9295932424494,-326.4285079900269,-342.7809963602299,-301.85827258508203,-314.85877386209194,-311.527516679008,-311.17040496788013,-324.7672466243057,-333.9129143424248
seq_369,0,0,0,0,0,0,0,0,0,0,0,0,0,0,0,0,0,-236.0026816315801,0,0,0,0,-253.87598346882925,0,-257.19705746855584,-253.74394311851086,-269.2392698417984,-226.15465351008274,-246.73536825317083,-236.21597522717693,-231.38170997268992,-252.7570582332777,-268.5385521484958
seq_370,0,0,0,0,0,0,0,0,0,0,0,0,0,0,0,0,0,-316.18572157662555,0,0,0,0,-303.38544402122625,0,-302.37069405393225,-299.17285617174235,-301.19344906082443,-298.63225378578727,-280.91196761464414,-288.0762461418758,-284.848850693291,-295.19651681250303,-299.20526499379247
seq_371,0,0,0,0,0,0,0,0,0,0,0,0,0,0,0,0,0,-288.004314899832,0,0,0,0,-261.7501963471557,0,-270.6825517585703,-263.99791157986203,-276.3275063238152,-271.97157411668564,-252.52077398816246,-258.1745557282426,-259.17073628312414,-263.88363141528913,-270.45166568450776
seq_372,0,0,0,0,0,0,0,0,0,0,0,0,0,0,0,0,0,-205.73837350847958,0,0,0,0,-246.97332937919666,0,-247.4164418315682,-236.32249498090016,-259.88740772493406,-210.16473477033924,-227.7586703630342,-225.03832495627475,-214.53111723037927,-237.874194897672,-253.86710944954712
seq_373,0,0,0,0,0,0,0,0,0,0,0,0,0,0,0,0,0,-311.5042728232349,0,0,0,0,-282.0925616298177,0,-290.42527347262353,-283.983699211329,-284.20022822233125,-289.6696315756445,-271.421418136656,-275.9347590039714,-270.2831854002741,-278.02516483891026,-302.0836565009314
seq_374,0,0,0,0,0,0,0,0,0,0,0,0,0,0,0,0,0,-279.42975606773683,0,0,0,0,-242.73140185498625,0,-249.54462409579523,-244.52130499228363,-257.40240056595803,-256.3812670090941,-242.24084552677957,-238.21744508589813,-241.54250082733537,-242.07951446869174,-275.168295256248
seq_375,0,0,0,0,0,0,0,0,0,0,0,0,0,0,0,0,0,-259.754011515062,0,0,0,0,-287.57152048824946,0,-283.2990230473609,-277.5716386657747,-287.0334433327686,-246.13754377521892,-269.7451163329336,-262.1635569349892,-261.1793788514755,-276.21783659884665,-296.3627716455402
seq_376,0,0,0,0,0,0,0,0,0,0,0,0,0,0,0,0,0,-261.831154904247,0,0,0,0,-249.78345351249217,0,-205.9936392602512,-201.88949696646552,-236.99750315800412,-237.66681853141927,-222.79616256841373,-215.76103664151077,-230.46672200167077,-192.23959369166627,-262.55918923354835
seq_377,0,0,0,0,0,0,0,0,0,0,0,0,0,0,0,0,0,-312.6491758476728,0,0,0,0,-277.54343765856464,0,-271.6775309425306,-271.14386817893177,-279.3275598815632,-282.2008999859968,-271.21900217230507,-266.13798437766104,-271.2648263264313,-266.4479347851296,-303.608663042612
seq_378,0,0,0,0,0,0,0,0,0,0,0,0,0,0,0,0,0,-343.5457159025849,0,0,0,0,-322.5145066786459,0,-320.9757504942773,-313.6475912022405,-324.0429685946285,-317.9312897536506,-301.80273653640484,-307.07433304710827,-306.2021842769927,-313.5777005913268,-325.40707319573517
seq_379,0,0,0,0,0,0,0,0,0,0,0,0,0,0,0,0,0,-350.9231978662177,0,0,0,0,-316.0693986244688,0,-327.0016205955972,-319.8294184876447,-326.4623044438409,-320.5348439029661,-298.220137332789,-312.37570245792193,-311.8743223969062,-314.8619568146998,-329.4898432316953
seq_380,0,0,0,0,0,0,0,0,0,0,0,0,0,0,0,0,0,-265.1529292138223,0,0,0,0,-253.27023745427576,0,-244.08435305330045,-240.53720016583947,-254.71309743210114,-249.06390181653305,-237.5068626363528,-234.04448477765183,-234.76111386537227,-240.15971784038527,-266.5105763852319
seq_381,0,0,0,0,0,0,0,0,0,0,0,0,0,0,0,0,0,-290.4185298766798,0,0,0,0,-235.30650554386767,0,-259.05204384835264,-254.35064586355975,-264.03870577879036,-268.2040554838783,-248.38375851751573,-253.35501001447508,-249.29617741980516,-249.99538395133962,-283.1287595319649
seq_382,0,0,0,0,0,0,0,0,0,0,0,0,0,0,0,0,0,-291.5815741531432,0,0,0,0,-268.763895602911,0,-264.8413289408916,-258.64530960933104,-277.55384412405897,-271.30517784725,-250.3707550713387,-260.94695045899726,-258.37753176763846,-260.05540910110005,-272.6478157277434
seq_383,0,0,0,0,0,0,0,0,0,0,0,0,0,0,0,0,0,-251.9157381010215,0,0,0,0,-288.0556398108506,0,-281.877251352143,-271.9703469939642,-286.6538853282288,-253.04083737553105,-264.43768707244385,-261.42463203786815,-255.1707585770081,-269.8714699112181,-293.5532840825781
seq_384,0,0,0,0,0,0,0,0,0,0,0,0,0,0,0,0,0,-322.1762734404207,0,0,0,0,-296.82043937615924,0,-296.1583248627608,-289.9865378403965,-301.82011269326046,-297.36886458965097,-287.7719536517143,-285.1534638500679,-285.1497441505387,-287.46165649290674,-314.77655016273883
seq_385,0,0,0,0,0,0,0,0,0,0,0,0,0,0,0,0,0,-309.8747379153784,0,0,0,0,-304.5966478248768,0,-307.47156809334905,-297.55654349556033,-306.60355793679213,-291.42708957352363,-281.4806435507696,-282.7141092656721,-281.4364666807221,-295.7843748280385,-305.3366920804624
seq_386,0,0,0,0,0,0,0,0,0,0,0,0,0,0,0,0,0,-236.86778862527856,0,0,0,0,-256.3854825679299,0,-256.402569171382,-248.52099453163981,-260.51133801113855,-221.54385176939837,-240.70403095204009,-233.3655818005073,-230.6549853024999,-246.92512923585173,-266.61645628125683
seq_387,0,0,0,0,0,0,0,0,0,0,0,0,0,0,0,0,0,-294.4796161906938,0,0,0,0,-305.7201180087508,0,-309.777015766877,-301.70960441997306,-311.9542848544314,-271.9504601180612,-285.5836242846767,-285.19009833752426,-282.9087873414574,-301.11830740911773,-306.0226932120204
seq_388,0,0,0,0,0,0,0,0,0,0,0,0,0,0,0,0,0,-319.72577030796947,0,0,0,0,-302.25541822908605,0,-307.24502462985924,-294.25290792304406,-300.87117880245046,-293.5779726597524,-268.87282293934646,-285.29510371896157,-286.3095072392163,-292.70823201006533,-285.84611809043804
seq_389,0,0,0,0,0,0,0,0,0,0,0,0,0,0,0,0,0,-329.6932446731494,0,0,0,0,-304.9473795699842,0,-301.7150130545637,-301.84603345037823,-304.3260044578005,-305.4279626310979,-287.46630688830027,-292.4393802032223,-292.1347746915907,-295.35093100207166,-305.76572937205646
seq_390,0,0,0,0,0,0,0,0,0,0,0,0,0,0,0,0,0,-280.7604046712152,0,0,0,0,-256.64867421520705,0,-247.68548196366103,-245.471945871696,-257.96347064814097,-258.24851790843104,-243.00675207175982,-238.6864319136557,-241.4970906746612,-242.20831327951709,-282.8206065070433
seq_391,0,0,0,0,0,0,0,0,0,0,0,0,0,0,0,0,0,-282.52468843881593,0,0,0,0,-242.41145319158142,0,-257.05804496843484,-255.89112328865377,-268.84640994787134,-264.19786863843706,-249.19923562251032,-243.8802584941339,-244.87810603692884,-245.7665457516804,-285.53392499094394
seq_392,0,0,0,0,0,0,0,0,0,0,0,0,0,0,0,0,0,-279.97776231113903,0,0,0,0,-251.17969464585724,0,-219.74353891787356,-213.57599103210237,-240.0953467478327,-256.1324257658912,-240.2168547513398,-229.3845037060891,-243.04044198566655,-196.65536150841342,-282.61855814293176
seq_393,0,0,0,0,0,0,0,0,0,0,0,0,0,0,0,0,0,-260.5829246974304,0,0,0,0,-290.92283999861843,0,-269.05843470048416,-269.21300970520707,-296.6437953853366,-219.677036556048,-257.5047823874096,-244.30450455004208,-246.22147156496172,-271.23277228320813,-288.1657894020843
seq_394,0,0,0,0,0,0,0,0,0,0,0,0,0,0,0,0,0,-274.6400432460022,0,0,0,0,-265.25202245369564,0,-254.26562757080026,-244.79538171663603,-259.1356042253521,-252.4211713758578,-242.4501103308455,-237.38835175399575,-238.96052049963416,-244.5046844725041,-268.52987272316045
seq_395,0,0,0,0,0,0,0,0,0,0,0,0,0,0,0,0,0,-323.0715068292816,0,0,0,0,-298.47468746001357,0,-301.944350005764,-295.8320909857762,-299.1976153129344,-302.0956522959402,-290.4855538491159,-293.9456933908626,-290.1443704734078,-296.2508752559663,-317.581951896083
seq_396,0,0,0,0,0,0,0,0,0,0,0,0,0,0,0,0,0,-260.06454160603033,0,0,0,0,-276.0775171271018,0,-276.5800862840088,-270.3239872942999,-280.5200238487851,-247.1293334486014,-256.48331141062766,-252.99827239672024,-248.7622161650532,-267.016846983556,-272.0417656209541
seq_397,0,0,0,0,0,0,0,0,0,0,0,0,0,0,0,0,0,-297.35555602440263,0,0,0,0,-276.42980611945075,0,-283.4049828192652,-272.84168398040345,-285.64803456379104,-270.4732902952255,-254.13813094588593,-262.97700731735506,-263.8720909000078,-271.38787286154314,-279.5024973118442
seq_398,0,0,0,0,0,0,0,0,0,0,0,0,0,0,0,0,0,-287.52463858005615,0,0,0,0,-260.074084463178,0,-250.43577813977168,-251.9404055110086,-256.55778281478734,-259.23616516302263,-250.6013184782438,-243.039894608803,-247.96816750909463,-243.6325762038096,-270.3120774886909
seq_399,0,0,0,0,0,0,0,0,0,0,0,0,0,0,0,0,0,-265.59285040088764,0,0,0,0,-263.8499345351259,0,-211.95414099501428,-210.55498299198447,-249.76847731313558,-246.71588060231193,-233.77282261311097,-239.33524780732904,-233.6605255617229,-218.09143877979284,-283.14309598397216
seq_400,0,0,0,0,0,0,0,0,0,0,0,0,0,0,0,0,0,-292.44910343157187,0,0,0,0,-274.69630426573036,0,-268.8434408044058,-268.4163457230074,-271.11710656069107,-267.9431149702606,-252.90154612667104,-254.33069526904373,-256.1885173211428,-261.8101102978197,-270.6896210532792
seq_401,0,0,0,0,0,0,0,0,0,0,0,0,0,0,0,0,0,-272.04012782274185,0,0,0,0,-245.09298881276624,0,-216.54461075807902,-209.52386824675463,-238.91625799606186,-245.55263584774312,-232.46169358005716,-209.9293640019198,-232.65368994600001,-193.3596775521034,-264.55272969915563
seq_402,0,0,0,0,0,0,0,0,0,0,0,0,0,0,0,0,0,-332.1986880871724,0,0,0,0,-344.43036652408784,0,-347.32964627951566,-341.0145121590213,-344.79363303926897,-320.18812582473913,-331.38404154515155,-334.71993098114365,-330.0287926471962,-340.15303740118657,-357.0489397389864
seq_403,0,0,0,0,0,0,0,0,0,0,0,0,0,0,0,0,0,-271.68682259135136,0,0,0,0,-253.47739755833865,0,-251.70356218002885,-246.7405691033586,-257.61366088581883,-249.76574521166035,-240.66046293467875,-241.10548464386585,-234.30005667153623,-243.072098214043,-269.39314212372096
seq_404,0,0,0,0,0,0,0,0,0,0,0,0,0,0,0,0,0,-291.6932760890356,0,0,0,0,-279.992360684961,0,-269.229631325544,-271.8390632616717,-290.9137704996671,-264.68003190665286,-243.72437801504262,-260.7649932162742,-263.23690151457913,-271.5484454924847,-198.61470432941996
seq_405,0,0,0,0,0,0,0,0,0,0,0,0,0,0,0,0,0,-225.83871029040841,0,0,0,0,-263.834984619526,0,-254.02620954566484,-241.50660029391827,-264.7706575882757,-221.03378847271662,-235.7637822764325,-234.8829504448785,-222.54581161288823,-248.6399084762386,-266.6252873270253
seq_406,0,0,0,0,0,0,0,0,0,0,0,0,0,0,0,0,0,-280.3807757526833,0,0,0,0,-248.4837797293918,0,-247.37343240514411,-242.283501477583,-256.44606395468634,-256.3310635045317,-248.84062556644759,-245.72786911160642,-247.5957014940965,-242.2694812575253,-276.9137332953345
seq_407,0,0,0,0,0,0,0,0,0,0,0,0,0,0,0,0,0,-295.2246534667521,0,0,0,0,-256.57435170194407,0,-265.6812681217111,-260.0013185388637,-268.4533638271483,-276.5713846719869,-260.65795847449004,-254.55539655346305,-259.7581868845717,-253.85990205485592,-289.4763058568725
seq_408,0,0,0,0,0,0,0,0,0,0,0,0,0,0,0,0,0,-362.41014390864905,0,0,0,0,-330.8478296939771,0,-336.61237323119076,-333.8185996019529,-336.31714846696747,-332.31959219465335,-306.54282875420853,-321.8354614193461,-323.83123456359243,-326.8525844098354,-335.7215992452313
seq_409,0,0,0,0,0,0,0,0,0,0,0,0,0,0,0,0,0,-320.453964304959,0,0,0,0,-294.29516470425745,0,-300.7327789655856,-288.2316303603376,-300.45175331068856,-292.91038700605316,-259.9739229833508,-284.24049145093096,-284.724808289011,-285.79879433613996,-286.05747090995635
seq_410,0,0,0,0,0,0,0,0,0,0,0,0,0,0,0,0,0,-287.73985376871883,0,0,0,0,-283.4889977790766,0,-266.2848368261874,-264.9200139267427,-271.5810096904746,-261.3057265240972,-250.67667873411622,-250.0796034423291,-254.42792922251155,-260.9966430565262,-267.2655046269678
seq_411,0,0,0,0,0,0,0,0,0,0,0,0,0,0,0,0,0,-324.8254874152884,0,0,0,0,-312.24449489186065,0,-307.3620568061807,-307.13247589472525,-308.9214394977703,-304.4883951077841,-292.4572685384969,-296.9678737859614,-296.2043651732559,-300.3556330977893,-310.2047598566993
seq_412,0,0,0,0,0,0,0,0,0,0,0,0,0,0,0,0,0,-321.7581445632149,0,0,0,0,-285.74591044238684,0,-295.4733854878563,-289.9314089513724,-303.2954565309736,-292.3501014503884,-262.0023817961839,-279.185084121172,-284.43821080848375,-285.2081767798285,-292.14456215416084
seq_413,0,0,0,0,0,0,0,0,0,0,0,0,0,0,0,0,0,-270.4494206088059,0,0,0,0,-262.3852533917941,0,-241.50173268797167,-240.70590663201816,-255.2646319421512,-243.6531811581429,-235.50945641934337,-230.1320911252945,-225.64305401605176,-236.6462635306833,-265.1040213877254
seq_414,0,0,0,0,0,0,0,0,0,0,0,0,0,0,0,0,0,-269.4612808456917,0,0,0,0,-240.75482548569298,0,-241.88525549713393,-237.20403800243002,-256.7115734615978,-243.68171390975485,-235.56221207432952,-228.82177180088044,-229.96204797620206,-233.63764188651962,-255.96910732706607
seq_415,0,0,0,0,0,0,0,0,0,0,0,0,0,0,0,0,0,-274.0700961094603,0,0,0,0,-286.42159685154616,0,-285.26210603238724,-278.34249038693304,-288.57290444115483,-247.5046345955996,-262.6170332948351,-260.94325626638937,-259.46993636151717,-274.18230915272477,-286.2461996676249
seq_416,0,0,0,0,0,0,0,0,0,0,0,0,0,0,0,0,0,-307.42790589984884,0,0,0,0,-277.7721005691138,0,-282.67746136224685,-276.99526049505727,-283.2908475993321,-288.0925546846132,-273.26513423565865,-273.38352932936215,-270.5542023163308,-271.53946471129956,-305.5693687841271
seq_417,0,0,0,0,0,0,0,0,0,0,0,0,0,0,0,0,0,-243.69360707661397,0,0,0,0,-269.383996093839,0,-263.8510081669157,-257.0505061117242,-273.8804438147894,-231.47818571125626,-248.35371901307994,-241.79990466566395,-238.0315986925727,-257.6455792354719,-275.9631888510093
seq_418,0,0,0,0,0,0,0,0,0,0,0,0,0,0,0,0,0,-299.48008077977886,0,0,0,0,-261.871149449222,0,-272.13082107820634,-260.65235589193765,-278.1491899129639,-270.66660344188705,-251.64797797390258,-262.29713396801327,-263.9131467446599,-260.62189182506063,-285.5446258418782
seq_419,0,0,0,0,0,0,0,0,0,0,0,0,0,0,0,0,0,-286.1376294763124,0,0,0,0,-291.48768297230555,0,-294.8211490766714,-289.3135263113621,-296.1787016594162,-262.87185018699756,-271.9387154390091,-278.6918844388336,-269.83635988291763,-287.106269326219,-303.05737927024404
seq_420,0,0,0,0,0,0,0,0,0,0,0,0,0,0,0,0,0,-260.8441588053055,0,0,0,0,-242.8641410180895,0,-234.04935446183273,-229.3992234923824,-250.99827045272292,-235.83184144170792,-218.8928196194226,-212.38261027995276,-223.98953549505381,-225.43121636789047,-250.90772640029803
seq_421,0,0,0,0,0,0,0,0,0,0,0,0,0,0,0,0,0,-268.8336998209106,0,0,0,0,-249.66964226669117,0,-212.56182577066414,-207.3091803497517,-245.40965740744832,-240.89252016863517,-226.07581438127718,-214.62723678889895,-230.70474750410767,-192.54842511013405,-262.5188022518917
seq_422,0,0,0,0,0,0,0,0,0,0,0,0,0,0,0,0,0,-325.96481700686223,0,0,0,0,-293.8814407194215,0,-308.243873417171,-298.98089610142137,-303.57676102492627,-297.1670386014639,-279.2640313096491,-290.59983018195123,-289.58911037942005,-294.756249642083,-304.82979483026674
seq_423,0,0,0,0,0,0,0,0,0,0,0,0,0,0,0,0,0,-299.9787522250528,0,0,0,0,-274.10996949272385,0,-281.10801819712583,-277.11001554886445,-287.1321089886398,-276.7191504272619,-258.21173830021024,-259.83710775300455,-266.379723423627,-271.255842677287,-280.44266148301887
seq_424,0,0,0,0,0,0,0,0,0,0,0,0,0,0,0,0,0,-293.4221411207672,0,0,0,0,-259.2421772277431,0,-274.30963443744656,-269.1129814020241,-285.95900068658375,-276.9138195801105,-258.7867404627665,-261.1881595504608,-265.5090838057447,-263.4255260948635,-289.1971841534635
seq_425,0,0,0,0,0,0,0,0,0,0,0,0,0,0,0,0,0,-256.7376018844347,0,0,0,0,-249.12320857984702,0,-235.1507092960501,-232.74155485724785,-253.26182280300245,-233.886930918153,-228.04026488805582,-219.51572088046026,-215.3822589481072,-230.07949166935308,-254.0269511697241
seq_426,0,0,0,0,0,0,0,0,0,0,0,0,0,0,0,0,0,-284.71451965317834,0,0,0,0,-275.5442040824749,0,-214.4106863345711,-222.14362512041473,-253.33940674025948,-247.15323355956238,-240.9843743421339,-221.35647996644713,-243.2815632263963,-211.82258131429455,-279.63299391604755
seq_427,0,0,0,0,0,0,0,0,0,0,0,0,0,0,0,0,0,-262.10761293684465,0,0,0,0,-271.6757354162615,0,-273.8889261932048,-264.51826320282373,-279.545818836247,-245.53092708644684,-254.0614187882355,-253.662279603421,-248.75511613370435,-264.41272677415583,-274.38973779892507
seq_428,0,0,0,0,0,0,0,0,0,0,0,0,0,0,0,0,0,-263.5539227198742,0,0,0,0,-265.60656462885095,0,-245.97888396386594,-243.72807726461843,-267.1161792543484,-246.136748044964,-239.41293239137553,-233.93054450492832,-225.41424919823183,-241.57583151438902,-270.40261688191765
seq_429,0,0,0,0,0,0,0,0,0,0,0,0,0,0,0,0,0,-306.2206556043126,0,0,0,0,-290.2117066706029,0,-286.4072121078231,-280.14108518616285,-288.9260743734858,-286.3124742603146,-269.32318877029417,-276.45096160102474,-271.79504401238574,-278.24278243569955,-293.576306002539
seq_430,0,0,0,0,0,0,0,0,0,0,0,0,0,0,0,0,0,-307.1281543107513,0,0,0,0,-294.3667691331926,0,-276.87396825245276,-273.6748418467354,-291.47910919360146,-278.0137463668038,-271.2192456133773,-267.28717281189375,-268.99528238775775,-269.2159157013205,-296.66238151233426
seq_431,0,0,0,0,0,0,0,0,0,0,0,0,0,0,0,0,0,-252.86472700154934,0,0,0,0,-251.52681989982298,0,-209.55729502404884,-182.58642785492415,-241.67297876238035,-241.15418387946102,-222.92634022119063,-230.9308999659373,-226.00113780430632,-208.16712551228412,-271.4350629780315
seq_432,0,0,0,0,0,0,0,0,0,0,0,0,0,0,0,0,0,-313.1134988870848,0,0,0,0,-293.01811880024894,0,-297.02444644530163,-287.0243862115843,-295.9688619119735,-293.18233060586726,-279.61973574541844,-281.8957046021194,-279.3336893534866,-285.20928775754805,-314.7901383936139
seq_433,0,0,0,0,0,0,0,0,0,0,0,0,0,0,0,0,0,-263.39364222950616,0,0,0,0,-248.93349306247214,0,-199.41558593660858,-204.5892323940335,-239.97955970945713,-244.33273176961853,-223.09441753750795,-222.4564956848768,-225.66827352792097,-203.00031662532328,-271.1109945275003
seq_434,0,0,0,0,0,0,0,0,0,0,0,0,0,0,0,0,0,-319.53745975853553,0,0,0,0,-298.7342957663173,0,-289.3410489599274,-288.81004642484834,-296.2437647494381,-293.6160766426854,-270.38360686628715,-276.37386086638855,-286.80213811008065,-280.31588554790653,-298.0281839175123
seq_435,0,0,0,0,0,0,0,0,0,0,0,0,0,0,0,0,0,-241.42994856821193,0,0,0,0,-264.4206090765556,0,-255.7569813000606,-252.92220179217998,-262.50668077857046,-222.45927924637533,-245.30292815905216,-234.13854093402796,-231.45716024265377,-250.9353256871246,-270.6582836291453
seq_436,0,0,0,0,0,0,0,0,0,0,0,0,0,0,0,0,0,-322.7507484977554,0,0,0,0,-307.78571025098137,0,-299.960187369088,-288.1469919815558,-302.81923738629524,-302.85685094846656,-283.7539444598739,-292.77566716232207,-291.8234292603042,-292.33287077748804,-307.27668854531737
seq_437,0,0,0,0,0,0,0,0,0,0,0,0,0,0,0,0,0,-298.9080434752695,0,0,0,0,-286.32672491526046,0,-269.057975669637,-266.4372589107671,-296.687392901144,-265.87876513581193,-239.1907475778604,-268.7340298731459,-261.79315336829023,-274.7229966567348,-279.342524412598
seq_438,0,0,0,0,0,0,0,0,0,0,0,0,0,0,0,0,0,-340.9121262324953,0,0,0,0,-316.99353048510847,0,-327.0665600344005,-322.05989262847874,-325.4784833190488,-315.7052070741086,-288.790603048536,-304.6805684569086,-312.8114017267432,-317.00110394266903,-314.5764472336639
seq_439,0,0,0,0,0,0,0,0,0,0,0,0,0,0,0,0,0,-273.3602972803471,0,0,0,0,-231.40166657532765,0,-246.60849647664426,-240.7260177447794,-250.12133007167435,-251.03488871664777,-239.20232674876604,-232.33900157925157,-234.7894705712663,-236.64844309287253,-271.31556287258707
seq_440,0,0,0,0,0,0,0,0,0,0,0,0,0,0,0,0,0,-305.28257202103043,0,0,0,0,-281.5780802302556,0,-281.03797567978484,-274.19163734194075,-286.17307416827833,-285.5060497744107,-252.04514773260712,-267.28757217953313,-273.13529628356144,-273.79567642558504,-272.6753327081355
seq_441,0,0,0,0,0,0,0,0,0,0,0,0,0,0,0,0,0,-271.42536450060976,0,0,0,0,-254.11522700798298,0,-191.97072658552213,-208.13165583034834,-239.0345999066769,-242.77007951145163,-229.81292372346638,-214.0311215739255,-227.41393980348977,-198.3586984623817,-271.6819408160957
seq_442,0,0,0,0,0,0,0,0,0,0,0,0,0,0,0,0,0,-268.9614539471194,0,0,0,0,-260.4120931046823,0,-243.527122399566,-248.0631473759917,-261.4535753140675,-244.78256534681594,-238.55704459242602,-232.87698766956328,-230.2933842674484,-240.84474722397272,-266.93957751674617
seq_443,0,0,0,0,0,0,0,0,0,0,0,0,0,0,0,0,0,-362.662249736342,0,0,0,0,-334.49974803808107,0,-344.55312778045993,-336.74842545622295,-347.1097000692214,-349.7496753696076,-333.9438692675334,-333.3691910232311,-331.9043741307936,-336.908684137377,-368.91481415201355
seq_444,0,0,0,0,0,0,0,0,0,0,0,0,0,0,0,0,0,-272.4284207846875,0,0,0,0,-259.31641241772246,0,-252.9355272057469,-250.0663063737407,-263.5532975413989,-255.43251085461344,-239.24554521265983,-237.82307812784137,-237.78789143584208,-246.5437661854408,-264.7133163723207
seq_445,0,0,0,0,0,0,0,0,0,0,0,0,0,0,0,0,0,-298.15505305237696,0,0,0,0,-277.14584758924235,0,-271.0501833069609,-265.96241973981364,-278.030134760287,-278.56253896512897,-260.4211664327884,-258.78882493824517,-257.19298349859855,-263.65073816055343,-298.16814720221817
seq_446,0,0,0,0,0,0,0,0,0,0,0,0,0,0,0,0,0,-252.36843904247158,0,0,0,0,-272.06824667418897,0,-273.31027780327946,-265.8453347929005,-279.4206274338782,-239.71568628880823,-251.55160618175577,-250.53614210982914,-249.1566951640923,-265.87765144706685,-266.8371696276542
seq_447,0,0,0,0,0,0,0,0,0,0,0,0,0,0,0,0,0,-273.5068837139717,0,0,0,0,-258.5388151591855,0,-208.39440769357856,-213.40586973896345,-248.20728042418654,-250.18655525690275,-237.2963917302345,-222.80214979015864,-236.9426419767503,-199.33084720985912,-274.86876769955126
seq_448,0,0,0,0,0,0,0,0,0,0,0,0,0,0,0,0,0,-308.3962616988644,0,0,0,0,-297.88275324492537,0,-294.65121489283604,-289.5620436810653,-299.7120320003642,-286.6355191012819,-276.65313506965464,-277.29717165422824,-279.03276636055017,-286.15589467563433,-294.81187000452377
seq_449,0,0,0,0,0,0,0,0,0,0,0,0,0,0,0,0,0,-229.1310314560187,0,0,0,0,-233.71797341951387,0,-224.67365212096456,-216.04701937771324,-252.7642012788442,-227.62254380010057,-199.2053425484557,-219.2053843429507,-198.52185304303498,-224.13420555801517,-265.82415216716623
seq_450,0,0,0,0,0,0,0,0,0,0,0,0,0,0,0,0,0,-295.9050204964356,0,0,0,0,-260.59872953534756,0,-274.6637386990731,-265.2648003726576,-287.00898559863924,-280.2844885035671,-253.39135834565104,-267.7288317470631,-265.59629868174443,-268.33553662442,-280.3568323249653
seq_451,0,0,0,0,0,0,0,0,0,0,0,0,0,0,0,0,0,-257.5094485944173,0,0,0,0,-248.5017862133786,0,-246.52655894284226,-231.24251021467774,-256.4234053478101,-232.82204597391154,-228.72573685490116,-226.21169518509262,-222.69851732493098,-236.15649353335093,-257.5578974006029
seq_452,0,0,0,0,0,0,0,0,0,0,0,0,0,0,0,0,0,-260.46229821045483,0,0,0,0,-249.2322535553005,0,-226.21064214145377,-224.3529132637707,-254.24766769785563,-229.8454789945029,-221.40465426922256,-217.3263286709696,-213.7299328623965,-223.8863768798868,-257.0710206975944
seq_453,0,0,0,0,0,0,0,0,0,0,0,0,0,0,0,0,0,-300.97852030012996,0,0,0,0,-325.3372130236775,0,-301.006447227092,-303.09672149416804,-328.800656980809,-261.83085981373983,-286.99657497533616,-271.705537222217,-273.68657830268285,-301.78982542015626,-319.90441108447123
seq_454,0,0,0,0,0,0,0,0,0,0,0,0,0,0,0,0,0,-227.5457373975565,0,0,0,0,-255.60612402449357,0,-236.2605658138233,-236.2131714130731,-264.5628877542705,-181.23849542527626,-223.26666110547004,-211.8931636453566,-209.57863476505796,-236.05233759159432,-256.1681299242643
seq_455,0,0,0,0,0,0,0,0,0,0,0,0,0,0,0,0,0,-280.2961339574426,0,0,0,0,-264.0354642331121,0,-270.46456792006194,-255.28573951932455,-265.32033095170334,-260.65098310247987,-242.40499354361972,-249.4302169616439,-247.6493910955893,-254.2288215087565,-271.4036712328206
seq_456,0,0,0,0,0,0,0,0,0,0,0,0,0,0,0,0,0,-261.6103240555427,0,0,0,0,-250.52514424298303,0,-219.97173511360177,-225.56833618822156,-254.70573441846273,-227.80359543805494,-220.41888924956936,-223.86681786518872,-198.5179024991639,-224.7890859685496,-273.85800136508215
seq_457,0,0,0,0,0,0,0,0,0,0,0,0,0,0,0,0,0,-387.3644644902629,0,0,0,0,-365.8457076216442,0,-370.7304760212702,-364.4288486075784,-374.9462681349779,-369.36544922914294,-344.01315454571073,-361.3002225462647,-365.3693089056524,-360.8084272405807,-360.86819397905924
seq_458,0,0,0,0,0,0,0,0,0,0,0,0,0,0,0,0,0,-291.4248351401558,0,0,0,0,-247.324095369434,0,-262.4546009269473,-252.9405711908681,-260.54758853664566,-268.2132651819356,-252.39514916895408,-250.25677195171676,-251.72207420803932,-249.81984460911622,-285.64105187347855
seq_459,0,0,0,0,0,0,0,0,0,0,0,0,0,0,0,0,0,-246.79596384496693,0,0,0,0,-248.1302337014751,0,-204.3963387341417,-192.71045039827422,-245.0015268529417,-232.96509752235744,-221.40788982064709,-227.94208810692305,-221.81276281145546,-205.66284907855717,-269.8737572124945
seq_460,0,0,0,0,0,0,0,0,0,0,0,0,0,0,0,0,0,-220.95903683985878,0,0,0,0,-241.03516771392438,0,-249.00404893972183,-236.73984295994288,-265.41083567649173,-212.08681300697694,-233.69728634225453,-222.0982252904993,-216.57369025758993,-240.0827180545782,-247.35705224893658
seq_461,0,0,0,0,0,0,0,0,0,0,0,0,0,0,0,0,0,-299.6396087219171,0,0,0,0,-274.39060472041314,0,-282.87951265975585,-274.7033781070294,-284.2773010536347,-278.94777897834746,-259.27058426766644,-270.20554347007896,-272.6788781000556,-270.06925148847296,-288.87688187745005
seq_462,0,0,0,0,0,0,0,0,0,0,0,0,0,0,0,0,0,-285.8879255378412,0,0,0,0,-275.4773098100124,0,-263.0418451268645,-258.6250436553774,-277.9249752387898,-261.1668830242195,-251.22315704933266,-252.21459360290513,-247.02989867009296,-257.1409644373689,-268.22385843276635
seq_463,0,0,0,0,0,0,0,0,0,0,0,0,0,0,0,0,0,-270.865850015556,0,0,0,0,-253.5919016173599,0,-223.15514891305168,-216.88071564356252,-237.11350042690887,-245.99626893081626,-227.97193846671962,-221.7318626725439,-236.18608338645183,-196.79392120586814,-267.05137678483595
seq_464,0,0,0,0,0,0,0,0,0,0,0,0,0,0,0,0,0,-346.57045803510255,0,0,0,0,-319.3239889349463,0,-322.71960309546256,-313.50349410098784,-326.66715230108446,-313.8866259133296,-290.3786786873178,-302.2310471737196,-311.98484814773377,-310.316727136042,-309.2260404231947
seq_465,0,0,0,0,0,0,0,0,0,0,0,0,0,0,0,0,0,-252.57945102621656,0,0,0,0,-261.6265882900014,0,-241.791195541221,-243.78451259421928,-271.41734699420346,-204.38861063246614,-233.51722684425184,-226.21340946471304,-221.23992429815868,-242.43037264554005,-262.17371747474806
seq_466,0,0,0,0,0,0,0,0,0,0,0,0,0,0,0,0,0,-290.49523181840704,0,0,0,0,-254.5281184096837,0,-262.7290280289411,-255.46145802154422,-279.0754006265426,-263.8191826094903,-242.25700034495702,-253.8534545874421,-248.31614234319036,-251.24055570707043,-275.5774455020047
seq_467,0,0,0,0,0,0,0,0,0,0,0,0,0,0,0,0,0,-271.7762740908167,0,0,0,0,-290.52800772345387,0,-287.576196897319,-276.6517708941706,-285.0652494947825,-253.75773628615954,-264.75250243480116,-267.1994637046542,-266.9829346030881,-275.11543949473815,-292.04586762334924
seq_468,0,0,0,0,0,0,0,0,0,0,0,0,0,0,0,0,0,-331.8655984025368,0,0,0,0,-308.16719183925983,0,-308.12614513839,-302.3038510684289,-308.69880603689313,-309.7935054974284,-287.4439449633803,-296.722110720112,-300.3679909162878,-298.3767816773596,-316.0008814830987
seq_469,0,0,0,0,0,0,0,0,0,0,0,0,0,0,0,0,0,-225.70661838292142,0,0,0,0,-218.63342643758546,0,-250.75469476150496,-239.35509970837214,-273.9736055484543,-208.48711461394888,-216.1380584704491,-226.34568911847927,-216.63184451088762,-241.1994171627284,-249.8343346903249
seq_470,0,0,0,0,0,0,0,0,0,0,0,0,0,0,0,0,0,-266.1980480283593,0,0,0,0,-277.84184682785076,0,-283.3436126292677,-276.596445687267,-286.66474225365374,-258.3878819761949,-273.992488797953,-264.8909911724418,-260.72146054342574,-275.6024518149109,-297.7032986421528
seq_471,0,0,0,0,0,0,0,0,0,0,0,0,0,0,0,0,0,-233.18124083713948,0,0,0,0,-247.545789879925,0,-247.74724896121265,-243.02040200840057,-260.6147745000567,-219.89259054293336,-240.5147978599426,-226.14299915774814,-231.6580796120847,-239.64497891347358,-261.6653367578581
seq_472,0,0,0,0,0,0,0,0,0,0,0,0,0,0,0,0,0,-273.41327178091603,0,0,0,0,-257.85143921551446,0,-239.92515168758186,-246.13226650946012,-262.9838501151595,-246.64145960190237,-242.24594270535792,-231.10909359083522,-230.15021373440243,-240.8706518594871,-271.23581014633555
seq_473,0,0,0,0,0,0,0,0,0,0,0,0,0,0,0,0,0,-285.12278466959174,0,0,0,0,-253.11087631795937,0,-260.20691367948365,-253.79919746770287,-272.7992262059638,-263.0802686654722,-243.9184559232584,-241.54552498617127,-242.4334156786518,-251.51445816890592,-284.51725308203277
seq_474,0,0,0,0,0,0,0,0,0,0,0,0,0,0,0,0,0,-260.3920582853333,0,0,0,0,-273.09056295082894,0,-271.1713090617233,-266.4315902749561,-276.8972330099235,-238.4336458301301,-253.83341033250636,-250.2241593741582,-246.1603533830233,-265.9924834601823,-263.8784770043467
seq_475,0,0,0,0,0,0,0,0,0,0,0,0,0,0,0,0,0,-233.7638853974627,0,0,0,0,-257.2253086794473,0,-258.7114145720737,-253.18971699837658,-269.0218019275129,-228.32221288115258,-247.5687030359397,-241.4973274101454,-233.70146047853527,-253.36517563250746,-269.27396506112683
seq_476,0,0,0,0,0,0,0,0,0,0,0,0,0,0,0,0,0,-256.1908526925877,0,0,0,0,-240.9693934517174,0,-233.91377190844966,-230.8255238881305,-259.5203859763696,-234.0985130309791,-225.1146049147822,-219.99846910135057,-220.19546642747537,-228.95017517158425,-265.984462438973
seq_477,0,0,0,0,0,0,0,0,0,0,0,0,0,0,0,0,0,-362.3946308356256,0,0,0,0,-346.47800935444354,0,-334.13309372740173,-329.730020692702,-347.74117717801374,-336.7259570037799,-323.4288222354476,-323.8371151861172,-323.7665995329967,-328.8071054225181,-353.7764718136154
seq_478,0,0,0,0,0,0,0,0,0,0,0,0,0,0,0,0,0,-210.73310966130512,0,0,0,0,-235.9691622761566,0,-239.81156679544202,-231.67483503540603,-263.78457565640366,-204.15947148137732,-222.623568271564,-217.82603203641202,-207.78346639131237,-232.97193285254303,-255.218064000837
seq_479,0,0,0,0,0,0,0,0,0,0,0,0,0,0,0,0,0,-280.75068247782156,0,0,0,0,-269.6685060754391,0,-256.76685705428036,-251.74721939651747,-266.9483792412025,-264.04843892354637,-252.742795649435,-246.65636004826848,-248.94557909599706,-249.4489954742054,-284.9653254734424
seq_480,0,0,0,0,0,0,0,0,0,0,0,0,0,0,0,0,0,-324.76971731371253,0,0,0,0,-315.12059919608373,0,-308.4065713169176,-300.5449565644636,-307.6494431763381,-303.1178970812275,-285.7618532695961,-294.352602786429,-290.46089441273267,-297.89087776924964,-318.16428884769937
seq_481,0,0,0,0,0,0,0,0,0,0,0,0,0,0,0,0,0,-274.976599337797,0,0,0,0,-253.10453797795427,0,-253.2260791840792,-251.20959227079376,-259.96587953045037,-256.6368610209306,-246.85462633470988,-239.57137286949023,-245.0032791273191,-247.80142358045921,-270.47703405543194
seq_482,0,0,0,0,0,0,0,0,0,0,0,0,0,0,0,0,0,-296.9378898212914,0,0,0,0,-273.2497873281183,0,-268.2369383208537,-264.37860302595607,-269.00553280673364,-271.0090428436463,-249.5166896311781,-253.82841461972362,-261.0519078298958,-258.22546717439513,-279.6102946214228
seq_483,0,0,0,0,0,0,0,0,0,0,0,0,0,0,0,0,0,-322.2514453570882,0,0,0,0,-296.34654056074646,0,-298.3168433689394,-292.40855039001275,-296.8677828940253,-300.53087146935354,-281.41710273982795,-290.8281674774065,-291.0768757984034,-290.14393812501623,-306.212523285224
seq_484,0,0,0,0,0,0,0,0,0,0,0,0,0,0,0,0,0,-242.24101119266248,0,0,0,0,-265.7804591241844,0,-257.39192680367137,-250.32749897864255,-267.53206608557076,-227.18321731161015,-245.5554245297782,-228.4977702860021,-230.52880645395567,-245.19977708794917,-275.0697350891013
seq_485,0,0,0,0,0,0,0,0,0,0,0,0,0,0,0,0,0,-277.25294197845,0,0,0,0,-252.3707618485389,0,-250.3426402352298,-239.26603119891013,-273.87883296384473,-243.9737007159903,-231.63579891807288,-235.59103373947408,-230.8795898228721,-241.1759068956232,-271.25656161691234
seq_486,0,0,0,0,0,0,0,0,0,0,0,0,0,0,0,0,0,-253.37649604359103,0,0,0,0,-242.3387972961784,0,-203.0777096119785,-203.54800918847576,-236.79151098935287,-240.6878317914855,-220.24433585952116,-219.91217674505367,-224.5417584780234,-191.6576880308999,-266.2013772068259
seq_487,0,0,0,0,0,0,0,0,0,0,0,0,0,0,0,0,0,-346.01827621011915,0,0,0,0,-318.8695567310676,0,-327.17679514430523,-320.950297476368,-321.77117218727005,-323.1684228073152,-297.2792526516951,-308.20285622577103,-313.2082919257368,-314.05700480675983,-317.97205420576654
seq_488,0,0,0,0,0,0,0,0,0,0,0,0,0,0,0,0,0,-360.0827792241759,0,0,0,0,-390.1739867821055,0,-383.7003638856004,-373.55540372628826,-397.2393584956457,-349.45101207712696,-374.01023841505395,-366.2911485590212,-356.963325756993,-379.8540622747271,-393.73626177183405
seq_489,0,0,0,0,0,0,0,0,0,0,0,0,0,0,0,0,0,-295.86680567432455,0,0,0,0,-282.0856164162376,0,-284.7130313919332,-276.7077027616075,-283.0148706887754,-280.5145803142893,-266.72252161077694,-266.4374915121526,-266.55647891224817,-271.95801063369396,-292.44460701370696
seq_490,0,0,0,0,0,0,0,0,0,0,0,0,0,0,0,0,0,-304.14230271533177,0,0,0,0,-313.21037936147894,0,-310.7244162320395,-307.39314086662137,-307.4531553013519,-284.96387849127564,-292.2451616669741,-296.38978571710607,-291.08787578305436,-303.31710423389103,-314.5938807156292
seq_491,0,0,0,0,0,0,0,0,0,0,0,0,0,0,0,0,0,-270.9396796627588,0,0,0,0,-263.76213668766604,0,-198.10171966997876,-195.25146425367132,-242.60027236862481,-245.46906459709328,-237.34617241962388,-222.50356854459434,-230.33054679297808,-201.1708977608281,-277.73474110739704
seq_492,0,0,0,0,0,0,0,0,0,0,0,0,0,0,0,0,0,-326.12832318935097,0,0,0,0,-306.12372336525647,0,-304.71037243310343,-295.3352060326782,-307.84544295374917,-301.21986552717095,-277.4873960695242,-296.8664307239152,-293.34170752167205,-296.1707636564883,-306.19134156399514
seq_493,0,0,0,0,0,0,0,0,0,0,0,0,0,0,0,0,0,-310.0559842758368,0,0,0,0,-298.08465256999744,0,-284.40397218515375,-280.1630400852248,-286.934600673158,-281.8251498769444,-265.1276901262778,-270.6178482553468,-270.8093716929831,-275.9723566336426,-270.61526031456356
seq_494,0,0,0,0,0,0,0,0,0,0,0,0,0,0,0,0,0,-312.1312946189691,0,0,0,0,-292.7853126362937,0,-290.30875177583516,-284.220370198645,-294.76897119976513,-292.4459778784666,-283.6331326768769,-279.20030887190995,-282.82555383365093,-281.57301279400315,-317.5031083172542
seq_495,0,0,0,0,0,0,0,0,0,0,0,0,0,0,0,0,0,-233.76184717475854,0,0,0,0,-255.83589559265133,0,-235.74805708473806,-233.2919843731333,-263.1569164293127,-199.01837008330133,-223.8287699308749,-213.78536596715708,-206.91363092437663,-232.10029600836603,-254.2281197892768
seq_496,0,0,0,0,0,0,0,0,0,0,0,0,0,0,0,0,0,-313.112497178428,0,0,0,0,-287.666555471483,0,-286.2544741254606,-278.9169701217421,-295.87599848637,-281.5151183854271,-263.21151618340633,-270.6111134788217,-273.1730497122215,-278.8825617084402,-282.08864621593875
seq_497,0,0,0,0,0,0,0,0,0,0,0,0,0,0,0,0,0,-302.97312864573195,0,0,0,0,-295.350181379274,0,-300.1972432583735,-290.8159255694155,-298.6040724432322,-284.5203073589402,-261.37637290155305,-279.3686672774568,-281.3119571497527,-287.05110826777155,-261.65316601442214
seq_498,0,0,0,0,0,0,0,0,0,0,0,0,0,0,0,0,0,-214.95427462340385,0,0,0,0,-254.7586681409619,0,-235.17003389715833,-233.58479046243355,-264.2816751169247,-191.42621627701004,-221.06728623446244,-212.5069403353813,-214.1283374072753,-236.91360212405863,-252.79021267932052
seq_499,0,0,0,0,0,0,0,0,0,0,0,0,0,0,0,0,0,-287.32354890514745,0,0,0,0,-269.64782281433605,0,-265.78512723552774,-266.9528602549493,-277.4330977037183,-257.1975178849998,-250.43204151329522,-247.22876609656578,-245.3405482809731,-257.56298091762267,-269.2565363290843
seq_500,0,0,0,0,0,0,0,0,0,0,0,0,0,0,0,0,0,-262.7879797903919,0,0,0,0,-262.9622934719012,0,-206.73854353785939,-195.81017301548198,-243.27413053190105,-240.30977730239488,-230.6577139969034,-236.42691869346353,-230.25650161431113,-215.6474523655104,-277.99632401652053
seq_501,0,0,0,0,0,0,0,0,0,0,0,0,0,0,0,0,0,-232.08933979899044,0,0,0,0,-265.40734445108313,0,-249.73907075128906,-246.76360277491187,-265.46177453719383,-225.12176416196803,-237.17646422071888,-236.25840839427528,-228.6500334545109,-247.86398454193474,-268.58527677392607
seq_502,0,0,0,0,0,0,0,0,0,0,0,0,0,0,0,0,0,-257.86011744497836,0,0,0,0,-274.3110208299952,0,-270.5189565042207,-264.6795960851471,-273.5746965285753,-241.76321859002732,-249.6539318502057,-252.89576333762858,-249.1562574287854,-261.8500550445761,-277.0796919660149
seq_503,0,0,0,0,0,0,0,0,0,0,0,0,0,0,0,0,0,-287.81270075383327,0,0,0,0,-273.3887912380724,0,-253.76820467525818,-252.6411978708551,-273.3923992771825,-257.883983605493,-231.61011008439485,-243.51607773107557,-251.36126737495613,-248.26384977322567,-240.68899887960697
seq_504,0,0,0,0,0,0,0,0,0,0,0,0,0,0,0,0,0,-230.9315288622762,0,0,0,0,-264.009248409596,0,-235.7842460057787,-240.02808879141486,-269.56386922905267,-194.1905125202133,-231.0898347622748,-217.53682811891076,-215.9531383339053,-240.0908106501277,-256.5231617267952
seq_505,0,0,0,0,0,0,0,0,0,0,0,0,0,0,0,0,0,-267.2669051033723,0,0,0,0,-255.03487162585503,0,-240.41333248542946,-242.56942710062486,-269.86919676865483,-235.8924202100706,-232.41754603360036,-226.18173844658338,-229.37791742703394,-241.83205497112726,-258.37281215296287
seq_506,0,0,0,0,0,0,0,0,0,0,0,0,0,0,0,0,0,-265.1127747363096,0,0,0,0,-255.58422613032974,0,-203.4758009232625,-193.83566925600417,-244.35185908504562,-240.40679551818448,-232.93670732653845,-214.99326558086474,-226.00266147986704,-197.4647285383906,-278.01520776576774
seq_507,0,0,0,0,0,0,0,0,0,0,0,0,0,0,0,0,0,-277.44260698200367,0,0,0,0,-247.7103019331726,0,-251.42921502685928,-240.72743526327667,-259.08818682386993,-248.33916382142337,-229.0840646323293,-239.9115242599425,-229.0155971456744,-244.64122027952155,-256.7781487624774
seq_508,0,0,0,0,0,0,0,0,0,0,0,0,0,0,0,0,0,-284.2676659069176,0,0,0,0,-265.28139972733635,0,-260.60057386735434,-258.1739332783173,-287.66692923466974,-249.49451706634432,-238.78034796518952,-222.3292192715458,-247.04278446905323,-249.81026565763108,-272.603436112598
seq_509,0,0,0,0,0,0,0,0,0,0,0,0,0,0,0,0,0,-321.46746072837414,0,0,0,0,-301.10999781991285,0,-304.5335879147491,-291.11089413992124,-308.6617722594266,-298.9833257636475,-273.50802037627886,-284.707098672919,-289.9468053038767,-291.1233918168132,-292.9380543815432
seq_510,0,0,0,0,0,0,0,0,0,0,0,0,0,0,0,0,0,-259.92306366736926,0,0,0,0,-258.9746766454561,0,-221.54116174882375,-227.14417905392872,-257.50686290354264,-242.83585326916307,-225.19341949826048,-229.38930189538522,-195.99002883109927,-233.42297510307932,-276.21181769669346
seq_511,0,0,0,0,0,0,0,0,0,0,0,0,0,0,0,0,0,-218.69293070620918,0,0,0,0,-262.97202097053344,0,-242.03541816504566,-232.54622252827505,-258.71067408230164,-205.64836282109087,-225.7139906324207,-220.27710488048467,-210.50494291214406,-237.90147164617267,-265.62737647940617
seq_512,0,0,0,0,0,0,0,0,0,0,0,0,0,0,0,0,0,-275.8575755988137,0,0,0,0,-253.10632386926756,0,-210.72406114974495,-196.69254826912115,-236.59072536421874,-249.4020902606232,-237.11521553817445,-219.16939469088948,-235.39406753833794,-195.93414640196033,-277.2139564603697
seq_513,0,0,0,0,0,0,0,0,0,0,0,0,0,0,0,0,0,-293.78375776628485,0,0,0,0,-270.50474085320684,0,-273.88395252424004,-266.8823484132909,-273.1230899371611,-276.80548084230196,-252.05523171151384,-257.0673150362015,-258.98919314696064,-260.9514391552425,-274.06154061707826
seq_514,0,0,0,0,0,0,0,0,0,0,0,0,0,0,0,0,0,-277.202727535975,0,0,0,0,-264.8629863850411,0,-241.2452813256281,-246.28952379173498,-254.7225561023928,-246.48520403239144,-244.5218226909157,-233.29665321023887,-232.24197585570346,-240.20393254808388,-266.0271499942178
seq_515,0,0,0,0,0,0,0,0,0,0,0,0,0,0,0,0,0,-194.08707563369288,0,0,0,0,-216.5289726499767,0,-247.11109116916333,-235.96729760386728,-271.96482523411106,-211.6524333748642,-226.7018437125448,-220.8132191717284,-213.18015667354598,-237.80512214305296,-257.78895568889646
seq_516,0,0,0,0,0,0,0,0,0,0,0,0,0,0,0,0,0,-306.93359520757474,0,0,0,0,-270.65490318407853,0,-286.122069201779,-273.93532617998767,-291.21486683298934,-279.0445111990101,-262.56838458285785,-265.30135916307523,-269.88137678125116,-274.220205303177,-291.0487697088867
seq_517,0,0,0,0,0,0,0,0,0,0,0,0,0,0,0,0,0,-273.5582642686653,0,0,0,0,-259.4850413657434,0,-251.66711219530606,-243.92472469072723,-259.31821789056295,-256.23684513017633,-237.46256418694102,-242.95044066675786,-216.55506215050985,-243.59947737300254,-267.56555794220577
seq_518,0,0,0,0,0,0,0,0,0,0,0,0,0,0,0,0,0,-266.91553918932243,0,0,0,0,-256.5458793469671,0,-243.4721151469237,-242.71498326049493,-270.44423420701173,-239.09653838997696,-227.4786629559872,-228.83829927666852,-232.42825709509697,-241.47746512470195,-255.40062541176513
seq_519,0,0,0,0,0,0,0,0,0,0,0,0,0,0,0,0,0,-291.8364760442046,0,0,0,0,-278.84555172989826,0,-271.00418256895125,-265.69838088284547,-273.3973576314736,-277.5240611953004,-254.2690931867799,-267.0322548046201,-262.3759582647459,-265.74942325463616,-278.28712532563105
seq_520,0,0,0,0,0,0,0,0,0,0,0,0,0,0,0,0,0,-298.7543872700082,0,0,0,0,-308.1788579397552,0,-310.84984744461883,-307.1189109701365,-310.4150703077527,-280.3123886019928,-292.22302899494247,-295.15097960701365,-287.48871707779597,-304.05189518749944,-313.54124632540646
seq_521,0,0,0,0,0,0,0,0,0,0,0,0,0,0,0,0,0,-226.91462672443672,0,0,0,0,-249.5511587122296,0,-250.65277890301516,-243.38984663417966,-261.0546144055731,-212.62742226176724,-233.4162089346015,-224.42601359860734,-221.21811559249147,-244.23054260725218,-259.055263505987
seq_522,0,0,0,0,0,0,0,0,0,0,0,0,0,0,0,0,0,-295.47386753451565,0,0,0,0,-275.2613357198158,0,-273.95094118554596,-270.7085782224474,-272.88005419532396,-279.6632198506578,-256.9440498756343,-262.789614206114,-264.92506412127545,-263.28683404652753,-267.9488828027597
seq_523,0,0,0,0,0,0,0,0,0,0,0,0,0,0,0,0,0,-344.7452896735861,0,0,0,0,-316.86465694266343,0,-329.67217765697995,-323.9731107618167,-328.87764799715814,-323.12496208756596,-300.76406949150527,-314.9712737633864,-314.9600450539512,-320.558473287292,-311.8434285304026
seq_524,0,0,0,0,0,0,0,0,0,0,0,0,0,0,0,0,0,-215.75894572266236,0,0,0,0,-244.05188579870187,0,-229.44680904493163,-229.26055294028174,-256.2237578749114,-186.67142346757416,-218.30063301524393,-198.7965436939199,-208.83667585051052,-223.2357628208112,-251.5774608737621
seq_525,0,0,0,0,0,0,0,0,0,0,0,0,0,0,0,0,0,-294.3976476213368,0,0,0,0,-271.18070652813094,0,-272.4627557719183,-261.09759908308666,-275.6278757484718,-272.0789956014938,-251.16669558500942,-253.41627624996863,-258.2415107011418,-257.10369815067946,-283.21940704320946
seq_526,0,0,0,0,0,0,0,0,0,0,0,0,0,0,0,0,0,-317.6285461098576,0,0,0,0,-297.2724244881787,0,-295.30970027523256,-288.8767819466128,-294.55171058254666,-296.3274929498383,-281.1439444239472,-286.9449497934849,-282.09818895036625,-288.06570902314724,-300.57722118297386
seq_527,0,0,0,0,0,0,0,0,0,0,0,0,0,0,0,0,0,-270.8468661710582,0,0,0,0,-248.3086761569474,0,-224.4023716020338,-213.86771022082385,-238.11153641635366,-249.8158909697981,-236.3499745502586,-223.0213086573265,-238.2567960915493,-196.41594639817254,-275.95649426014256
seq_528,0,0,0,0,0,0,0,0,0,0,0,0,0,0,0,0,0,-277.6767040436933,0,0,0,0,-258.9984866923892,0,-216.84142566810198,-216.1810968235698,-250.2390704154472,-245.477087447079,-243.28921335611378,-218.29945104656613,-235.89840189022985,-199.15077171156554,-279.06336716842463
seq_529,0,0,0,0,0,0,0,0,0,0,0,0,0,0,0,0,0,-302.2535305710379,0,0,0,0,-277.2432573180429,0,-271.7015843841218,-268.5436900026212,-273.1149821350039,-282.6582107476785,-256.8432865871858,-263.04866796671956,-266.28938846607616,-263.95807478449564,-285.21991792071935
seq_530,0,0,0,0,0,0,0,0,0,0,0,0,0,0,0,0,0,-228.0694573877819,0,0,0,0,-260.48301944136927,0,-251.35412428156414,-242.21839714874983,-267.5448831637189,-212.9939850856606,-236.23518880897967,-234.2203010108957,-222.18478683342673,-249.16986486690135,-266.93599141284506
seq_531,0,0,0,0,0,0,0,0,0,0,0,0,0,0,0,0,0,-323.7923379282582,0,0,0,0,-298.356242526805,0,-303.68779519261955,-291.40044588746275,-309.52701875100405,-303.6977161132511,-273.9389280597874,-291.40555286751135,-290.075604117897,-294.4027037451354,-287.48089136359386
seq_532,0,0,0,0,0,0,0,0,0,0,0,0,0,0,0,0,0,-303.41130005384633,0,0,0,0,-274.1644318155145,0,-282.22804347206517,-276.3986713624795,-280.49205695698,-284.5475132462216,-263.50124109434836,-270.887241284508,-274.81567306074805,-272.4377019663933,-280.4103146615846
seq_533,0,0,0,0,0,0,0,0,0,0,0,0,0,0,0,0,0,-318.55945439758597,0,0,0,0,-267.10716692218523,0,-295.15940056439854,-285.73664147891895,-292.6282359728676,-293.7952904903201,-280.163887579852,-280.9646367177505,-274.00987444716384,-281.19273024124004,-317.5512036002226
seq_534,0,0,0,0,0,0,0,0,0,0,0,0,0,0,0,0,0,-282.8489691478751,0,0,0,0,-270.4703246167366,0,-275.031029125033,-267.95449518174735,-279.40028116789796,-267.9113995585471,-249.55036341676416,-255.4203342080896,-255.25996463169548,-264.4673657056384,-269.0226245043601
seq_535,0,0,0,0,0,0,0,0,0,0,0,0,0,0,0,0,0,-296.79392518324363,0,0,0,0,-262.2957986310905,0,-281.6751529127499,-269.6318887390055,-284.7832603217453,-276.52048376472294,-247.3611222078362,-266.77783860140346,-260.4022373469153,-266.7344545028479,-278.38190894335696
seq_536,0,0,0,0,0,0,0,0,0,0,0,0,0,0,0,0,0,-325.76750311020845,0,0,0,0,-303.1597303248824,0,-304.6898487653212,-293.0598225529282,-307.2001795763757,-302.11823718237645,-285.72971590048314,-284.63272284304156,-290.4678470263677,-292.05696519258214,-317.44499057879943
seq_537,0,0,0,0,0,0,0,0,0,0,0,0,0,0,0,0,0,-257.3554964131806,0,0,0,0,-270.0977016825446,0,-272.70328340766787,-262.1374039419198,-275.24438421701973,-249.4879084543687,-254.13008081985404,-254.73543198873892,-252.19758154639865,-260.36505420231134,-279.3015268617233
seq_538,0,0,0,0,0,0,0,0,0,0,0,0,0,0,0,0,0,-329.5286821207606,0,0,0,0,-300.95785402425884,0,-312.58289643739056,-301.9556937131544,-307.6926192291368,-300.61416673805536,-281.6273549202105,-290.0825565091547,-291.7175214460136,-296.6254842275983,-311.1960641156857
seq_539,0,0,0,0,0,0,0,0,0,0,0,0,0,0,0,0,0,-264.8327409384899,0,0,0,0,-253.50985781330684,0,-231.66927857164092,-236.53329461827525,-252.4028311243272,-240.58672184036763,-232.19143123957835,-225.03711853072915,-221.560458122211,-231.8007125407271,-269.0355020086973
seq_540,0,0,0,0,0,0,0,0,0,0,0,0,0,0,0,0,0,-275.6689142622844,0,0,0,0,-253.15131513433533,0,-247.42630983689946,-244.23188398808193,-267.8042616115504,-241.59366088601206,-231.71480607076924,-231.60217200392225,-229.7598420381281,-242.10070578383235,-267.453867351216
seq_541,0,0,0,0,0,0,0,0,0,0,0,0,0,0,0,0,0,-296.76024715450905,0,0,0,0,-316.1727246257784,0,-316.2211805588665,-308.6692665161791,-317.11392441271465,-282.00749529880227,-294.4514992114219,-292.46385419078365,-293.0156408950724,-306.8092820418736,-311.1637150758076
seq_542,0,0,0,0,0,0,0,0,0,0,0,0,0,0,0,0,0,-318.7292429351114,0,0,0,0,-298.4974551853645,0,-309.08981606675087,-303.0838523184723,-312.3269086586157,-298.48139792023903,-270.5670324589519,-288.1275669566195,-289.9175247449637,-295.83514290548624,-294.7612744506922
seq_543,0,0,0,0,0,0,0,0,0,0,0,0,0,0,0,0,0,-319.31801325699905,0,0,0,0,-300.2955992110031,0,-298.67491563805976,-290.6153080605954,-302.92502070137476,-298.40554620110555,-281.9331507961227,-286.76565798635744,-282.0514098768092,-288.31046697551835,-313.2586585452332
seq_544,0,0,0,0,0,0,0,0,0,0,0,0,0,0,0,0,0,-268.6732487400433,0,0,0,0,-270.20855485998226,0,-216.74957828621388,-194.17827070257263,-252.0554353075273,-247.29449057259762,-236.71143870528283,-242.16467784025826,-234.96511277645993,-221.29967997024917,-283.4553192211701
seq_545,0,0,0,0,0,0,0,0,0,0,0,0,0,0,0,0,0,-288.5751449581269,0,0,0,0,-276.00125767816155,0,-264.35448713913183,-263.4256185866278,-274.8835104073508,-258.88337011343253,-248.53038452722197,-247.10101931424754,-250.96196926527475,-257.4357933736059,-273.8968912833959
seq_546,0,0,0,0,0,0,0,0,0,0,0,0,0,0,0,0,0,-285.62173848693675,0,0,0,0,-298.6468830586659,0,-298.710078139527,-291.5878366282729,-302.01692003662004,-270.4653472247864,-277.0400293330559,-280.66528842427886,-276.9903419974768,-289.0103797605145,-305.8335804629615
seq_547,0,0,0,0,0,0,0,0,0,0,0,0,0,0,0,0,0,-356.80844340850103,0,0,0,0,-335.1666197757872,0,-331.8776615388324,-323.1292646082474,-348.01294213940514,-331.88968650652254,-311.82860507118085,-326.55846191437155,-324.51554528676377,-326.90497416244403,-345.51447804388346
seq_548,0,0,0,0,0,0,0,0,0,0,0,0,0,0,0,0,0,-291.77492460162387,0,0,0,0,-271.9627910393684,0,-274.57092661082544,-268.6246496802438,-275.42299863040034,-271.15375855462037,-254.5693057224779,-252.58619063938198,-256.14682494450756,-266.52254633757315,-280.6276800944375
seq_549,0,0,0,0,0,0,0,0,0,0,0,0,0,0,0,0,0,-309.3335823886714,0,0,0,0,-278.5146921626873,0,-279.95596753690756,-279.46892788972224,-288.7787505104954,-279.2313549331323,-253.13205986506597,-266.61509797167344,-270.72878078279,-275.3487030121253,-274.1686981285559
seq_550,0,0,0,0,0,0,0,0,0,0,0,0,0,0,0,0,0,-321.17814218525245,0,0,0,0,-299.19591060818834,0,-306.45766223497884,-299.7957119172731,-302.71761357832173,-299.5730448137135,-275.7485421203787,-288.63943893158006,-292.6479941906018,-294.3307406856843,-283.9261487436278
seq_551,0,0,0,0,0,0,0,0,0,0,0,0,0,0,0,0,0,-271.81281054316656,0,0,0,0,-250.18892430708556,0,-251.40985451689673,-246.3968716104724,-258.65471730659755,-253.19565217732386,-244.89578580509541,-237.36520236155062,-238.266814879644,-245.57906087774185,-268.9199857091443
seq_552,0,0,0,0,0,0,0,0,0,0,0,0,0,0,0,0,0,-279.4442106372327,0,0,0,0,-267.7163278675903,0,-264.3444502763608,-254.2436912941582,-272.14668279845233,-265.2074299038284,-249.20045361520775,-248.42070561396218,-250.29999078838188,-254.20441612708723,-274.9180813233546
seq_553,0,0,0,0,0,0,0,0,0,0,0,0,0,0,0,0,0,-307.31995001682816,0,0,0,0,-287.03362269370757,0,-280.42761940931706,-274.94137744743125,-289.678903071342,-288.822421542806,-262.2972296171656,-276.1117478399394,-274.11986342885126,-274.06160289392807,-290.31584401232146
seq_554,0,0,0,0,0,0,0,0,0,0,0,0,0,0,0,0,0,-280.8955417125657,0,0,0,0,-256.5755972923999,0,-266.0204959184831,-258.4780136982664,-270.7473923052447,-263.1632899781241,-246.34562040910876,-253.98255097802473,-246.0800625695764,-260.86559084817935,-275.53017139407353
seq_555,0,0,0,0,0,0,0,0,0,0,0,0,0,0,0,0,0,-304.7239931313255,0,0,0,0,-287.351581879733,0,-292.4385568064971,-280.2676023980213,-302.04214806340025,-281.62143439150583,-253.37783778493866,-270.1582230170102,-272.93377810520604,-278.2648402801747,-258.89575496263575
seq_556,0,0,0,0,0,0,0,0,0,0,0,0,0,0,0,0,0,-304.94226926058775,0,0,0,0,-270.758230855259,0,-290.53643417248713,-279.3299774314072,-290.54712022254773,-284.4479457049218,-272.8355018239228,-267.66571285381235,-272.605812063865,-274.23746631474586,-304.35310164459725
seq_557,0,0,0,0,0,0,0,0,0,0,0,0,0,0,0,0,0,-309.393291125884,0,0,0,0,-306.3008846660123,0,-298.8717883275335,-295.1907262587796,-296.2712216808249,-282.705122891854,-263.24350796138947,-276.4062637641435,-276.34412572487236,-288.1509213025774,-258.53581482026726
seq_558,0,0,0,0,0,0,0,0,0,0,0,0,0,0,0,0,0,-372.575691223744,0,0,0,0,-365.0994378194703,0,-369.33164381594753,-365.4142858458297,-371.1851304412586,-361.97257253208306,-346.2498288634707,-353.97502513439434,-358.4036479037668,-360.9832153247801,-359.469746699117
seq_559,0,0,0,0,0,0,0,0,0,0,0,0,0,0,0,0,0,-269.72388989386695,0,0,0,0,-256.961678843992,0,-229.16026000638408,-232.70124572222454,-261.22233628498566,-238.13080240376692,-226.54852675698942,-232.75609925166395,-203.79411875903278,-235.60028177820075,-277.91569460204096
seq_560,0,0,0,0,0,0,0,0,0,0,0,0,0,0,0,0,0,-270.5854037232843,0,0,0,0,-268.6607899352973,0,-249.18131549480535,-249.69869630497914,-271.78402674541195,-254.25775660091492,-245.56953309707637,-243.12692519416686,-236.99977486232487,-248.4560980775209,-280.5491882492769
seq_561,0,0,0,0,0,0,0,0,0,0,0,0,0,0,0,0,0,-336.00956205472045,0,0,0,0,-293.75060219148037,0,-304.5913970889011,-299.0186570295205,-309.3845751358796,-308.9564478089505,-286.514232961434,-287.7842348572843,-301.11903859204534,-289.70395813998397,-323.82840847266453
seq_562,0,0,0,0,0,0,0,0,0,0,0,0,0,0,0,0,0,-320.06423027763304,0,0,0,0,-290.7135827657352,0,-298.2868877790724,-291.78260064551637,-299.7919093337451,-297.51840951422764,-269.8590560905299,-287.31181660110843,-287.6114300919828,-287.64348978710666,-290.5350704544952
seq_563,0,0,0,0,0,0,0,0,0,0,0,0,0,0,0,0,0,-309.01858200973817,0,0,0,0,-289.03939057704014,0,-287.7554514242233,-279.54263630790916,-297.3209537658533,-283.15619825843254,-258.25119433346265,-274.62932134543536,-275.3670468133111,-280.809598404938,-275.30854631483606
seq_564,0,0,0,0,0,0,0,0,0,0,0,0,0,0,0,0,0,-354.3398650474698,0,0,0,0,-338.4266622322231,0,-332.84545604450125,-324.4803019991016,-337.6314405875792,-331.7078686914592,-312.2573592444929,-327.24882815567736,-323.06944691664273,-325.6368153128825,-334.64588870275816
seq_565,0,0,0,0,0,0,0,0,0,0,0,0,0,0,0,0,0,-329.5250837590079,0,0,0,0,-303.97663807595853,0,-313.33428932136803,-305.28624260702867,-316.9791935779019,-303.83328360494005,-281.32720988670707,-293.4216303368559,-293.0645927372076,-300.3894711706679,-309.21322832370714
seq_566,0,0,0,0,0,0,0,0,0,0,0,0,0,0,0,0,0,-315.6955153960299,0,0,0,0,-288.58358308893844,0,-297.2197763070549,-287.22480149879704,-297.26550403419617,-293.7053168143553,-274.1711596358479,-285.4632534548199,-281.68693409648404,-286.4075928369236,-294.0593599627208
seq_567,0,0,0,0,0,0,0,0,0,0,0,0,0,0,0,0,0,-292.163235751678,0,0,0,0,-274.5897660512709,0,-262.0873192497261,-265.6691843336113,-289.4816524780755,-254.81161065327973,-245.884248386093,-227.92373571679036,-253.47792184746686,-254.35282469667703,-278.68636588674076
seq_568,0,0,0,0,0,0,0,0,0,0,0,0,0,0,0,0,0,-277.3127605919198,0,0,0,0,-291.6229382634604,0,-289.68348107489646,-282.713949254404,-296.0660064335629,-252.08151312336923,-269.00216223481254,-266.7764165368299,-264.3180144850519,-277.9941249066796,-288.2203357023312
seq_569,0,0,0,0,0,0,0,0,0,0,0,0,0,0,0,0,0,-290.0889944379101,0,0,0,0,-293.5312479140781,0,-290.8879544900233,-284.2697212420479,-289.6954261849011,-264.53059399229943,-271.940505216718,-275.1918676148518,-274.9475659621686,-280.76793725263207,-296.20148083575253
seq_570,0,0,0,0,0,0,0,0,0,0,0,0,0,0,0,0,0,-301.01656574025617,0,0,0,0,-295.69156811463984,0,-285.6121936605883,-279.5902708884887,-301.91232566134164,-281.6524284424785,-260.4356891721085,-272.01033808519446,-272.88027384820043,-279.9911128615779,-292.3761288335657
seq_571,0,0,0,0,0,0,0,0,0,0,0,0,0,0,0,0,0,-258.9175561645342,0,0,0,0,-270.35627791440766,0,-277.0167811439516,-265.146308775567,-275.6795214780996,-241.57385980076066,-251.50334828913572,-253.95912504227616,-250.85564028637702,-264.45174850645213,-272.1724886066274
seq_572,0,0,0,0,0,0,0,0,0,0,0,0,0,0,0,0,0,-302.83197461339364,0,0,0,0,-295.35887093189433,0,-289.51439794354627,-282.2275127409966,-300.88267179695896,-283.4490465064549,-252.32659227564554,-277.64758901796336,-274.7430503465626,-283.50150002225854,-268.86548704744365
seq_573,0,0,0,0,0,0,0,0,0,0,0,0,0,0,0,0,0,-261.19836680446747,0,0,0,0,-247.65660265114678,0,-185.97629604261942,-200.01041742021945,-232.41874196246496,-240.2472170283727,-215.92222916079018,-218.31840340844894,-219.19322600298221,-199.1286457918351,-261.41102245485206
seq_574,0,0,0,0,0,0,0,0,0,0,0,0,0,0,0,0,0,-281.7513313571657,0,0,0,0,-255.78498838104224,0,-255.1460362381089,-252.2629956728783,-260.92830191371667,-257.4458672121839,-246.91412543378516,-238.10113167061533,-244.04584512692364,-244.5883675745188,-271.79656428211285
seq_575,0,0,0,0,0,0,0,0,0,0,0,0,0,0,0,0,0,-262.28876955156545,0,0,0,0,-263.43455925062415,0,-249.28659336180897,-245.30476983047123,-274.8835036870148,-241.2023429511611,-228.30249436517576,-231.03643121581666,-233.0856224130941,-243.83511077394954,-256.1518373962707
seq_576,0,0,0,0,0,0,0,0,0,0,0,0,0,0,0,0,0,-365.182190152384,0,0,0,0,-335.3516909958517,0,-337.28527354207404,-334.8593298058938,-337.01070999228415,-336.056102752544,-310.2850209547959,-322.72446056661033,-327.34557777233476,-328.43881866293674,-327.1265690431396
seq_577,0,0,0,0,0,0,0,0,0,0,0,0,0,0,0,0,0,-291.63345788245516,0,0,0,0,-270.7660057021181,0,-274.89558244500455,-266.38965650648845,-282.07971369795087,-272.9214564108415,-263.77536074879185,-261.7487040326845,-262.6472008171819,-263.5875273180688,-291.9031535279813
seq_578,0,0,0,0,0,0,0,0,0,0,0,0,0,0,0,0,0,-335.5778744890889,0,0,0,0,-301.9649746575695,0,-310.91865620373954,-303.1867477350684,-314.332655231785,-309.59286649326344,-283.3580304918438,-295.89401232051785,-300.57923666975074,-299.7476408765645,-311.20300053318755
seq_579,0,0,0,0,0,0,0,0,0,0,0,0,0,0,0,0,0,-312.2650396582827,0,0,0,0,-295.04413769496955,0,-297.8799961248708,-287.7620537223905,-299.8359999537844,-296.9661844309786,-274.1520113368007,-270.22273118917246,-284.17505599188064,-286.77034799567565,-299.6374787497254
seq_580,0,0,0,0,0,0,0,0,0,0,0,0,0,0,0,0,0,-275.6179464744436,0,0,0,0,-254.96945653372222,0,-188.50056052079648,-204.01423527045154,-239.96947505775714,-249.62677929685353,-233.2323636308768,-217.34704091247846,-231.89967605051143,-196.08535935153762,-274.4795724946095
seq_581,0,0,0,0,0,0,0,0,0,0,0,0,0,0,0,0,0,-303.4006581620655,0,0,0,0,-283.91505290418723,0,-287.76561551740343,-276.0704680968837,-288.58716135086934,-282.83148846781495,-258.0500963063188,-271.8381520877919,-272.7985394465474,-274.32257067918806,-289.78149683558115
seq_582,0,0,0,0,0,0,0,0,0,0,0,0,0,0,0,0,0,-282.735989431276,0,0,0,0,-235.6496318237107,0,-252.1149435992866,-249.59876376938658,-256.51572854315464,-257.3912509297891,-245.71381886626494,-244.61839304833555,-243.29558793640362,-242.46375735279625,-275.6826633697007
seq_583,0,0,0,0,0,0,0,0,0,0,0,0,0,0,0,0,0,-300.05808880287395,0,0,0,0,-284.41412095821033,0,-280.03230311098093,-276.446547716271,-297.91922038550706,-283.695363075442,-253.99326348915446,-277.6053511439065,-271.08864844521685,-278.9559338945639,-277.49585573000377
seq_584,0,0,0,0,0,0,0,0,0,0,0,0,0,0,0,0,0,-315.1340408745356,0,0,0,0,-301.1808949578737,0,-295.4377900731202,-288.1091874194059,-299.3644505961111,-293.603893510247,-277.89699493372405,-280.2514874386123,-283.53131974491015,-282.36671846338754,-303.0182813234441
seq_585,0,0,0,0,0,0,0,0,0,0,0,0,0,0,0,0,0,-303.6590261849475,0,0,0,0,-274.07933756805807,0,-275.24066005669135,-276.5213285556545,-282.2894073652452,-281.9040923190108,-255.11996184108162,-262.9204318154982,-267.86571813611346,-271.65585070504596,-288.7677456240539
seq_586,0,0,0,0,0,0,0,0,0,0,0,0,0,0,0,0,0,-240.9552417372937,0,0,0,0,-253.1236531410879,0,-254.5824648496163,-246.48661016901337,-263.4578287541877,-232.12132701566856,-246.83087535853977,-236.44517983273442,-242.26725508395577,-243.97076884621367,-275.4348649439297
seq_587,0,0,0,0,0,0,0,0,0,0,0,0,0,0,0,0,0,-291.12935295896114,0,0,0,0,-253.0487068951408,0,-270.88816727873314,-261.4032164058903,-273.22584795918846,-269.0115720391825,-248.238145727377,-256.3849293449912,-259.7363364979658,-254.73308388474595,-277.49564114685523
seq_588,0,0,0,0,0,0,0,0,0,0,0,0,0,0,0,0,0,-323.47058141187125,0,0,0,0,-290.84555985892166,0,-298.0290877024534,-296.4766512541934,-305.30332470057687,-296.9586130219769,-268.4819374462987,-287.2581826234834,-289.6384232985645,-289.6385252323955,-281.6432169532317
seq_589,0,0,0,0,0,0,0,0,0,0,0,0,0,0,0,0,0,-312.47609643598764,0,0,0,0,-302.50316886014576,0,-293.3103925156604,-287.2062451729173,-302.4146173711069,-289.1251132301028,-274.4444137729934,-271.52777396815253,-280.89396375797236,-282.82655076655084,-286.8801668068431
seq_590,0,0,0,0,0,0,0,0,0,0,0,0,0,0,0,0,0,-302.85006656930847,0,0,0,0,-277.11479550742524,0,-265.8612825256984,-267.51720922548975,-280.25473748694844,-268.62112151983683,-256.8722097547576,-250.20176894166286,-257.6572467468002,-260.94127400639076,-284.19582459477624
seq_591,0,0,0,0,0,0,0,0,0,0,0,0,0,0,0,0,0,-288.6203998097558,0,0,0,0,-257.9356602179268,0,-221.39767154861497,-214.91199842327683,-246.0066059727254,-260.2538503362865,-245.18383495464224,-220.6867816193157,-247.06205793175008,-199.1123589500734,-287.50901708936647
seq_592,0,0,0,0,0,0,0,0,0,0,0,0,0,0,0,0,0,-259.49850107908003,0,0,0,0,-248.6414586773208,0,-193.87486368981038,-197.60466785662305,-239.77936625706155,-240.52435322083915,-221.65421273523384,-220.95338639691738,-222.97897360696408,-200.0323634637724,-267.67621371140734
seq_593,0,0,0,0,0,0,0,0,0,0,0,0,0,0,0,0,0,-265.653589165656,0,0,0,0,-245.21117071614063,0,-205.92581852875492,-190.51454462783434,-230.27890332663526,-240.46104669379667,-228.6391567161022,-212.81713966512532,-226.7924264001143,-189.51284489565822,-267.58877673436695
seq_594,0,0,0,0,0,0,0,0,0,0,0,0,0,0,0,0,0,-264.4973598616609,0,0,0,0,-255.20953561463685,0,-207.02006349148516,-196.9008249713782,-239.06051986618385,-236.50277790689898,-224.62204770929173,-217.45828177635985,-226.32853092376314,-192.00827445208012,-264.66539102995245
seq_595,0,0,0,0,0,0,0,0,0,0,0,0,0,0,0,0,0,-300.44673849577174,0,0,0,0,-278.2110061235497,0,-279.22610997812933,-273.347079720586,-286.01943403214216,-282.26773580644857,-264.4910068641202,-268.40894079007796,-269.3319757149085,-272.11053375706524,-289.99949953437584
seq_596,0,0,0,0,0,0,0,0,0,0,0,0,0,0,0,0,0,-314.0446732728706,0,0,0,0,-275.32395339627834,0,-290.0905101635766,-282.62694537596343,-291.79381505152145,-288.61351196647,-268.39921022345186,-280.6643868298717,-279.75781321065205,-281.74726175450064,-289.69484173117826
seq_597,0,0,0,0,0,0,0,0,0,0,0,0,0,0,0,0,0,-250.09040007577258,0,0,0,0,-251.30650440334858,0,-196.4571182321357,-190.90692971561134,-240.25748374472877,-235.65522638962761,-216.532874828574,-223.77645105015668,-220.81485136052396,-197.82403735756554,-266.1420947593512
seq_598,0,0,0,0,0,0,0,0,0,0,0,0,0,0,0,0,0,-281.01136366330303,0,0,0,0,-312.86233075434643,0,-307.0985133914683,-299.7310605002119,-307.67759168107864,-273.50846131345463,-291.0735574907699,-282.2709972537993,-279.2154508388546,-298.5448163086213,-319.35825083580096
seq_599,0,0,0,0,0,0,0,0,0,0,0,0,0,0,0,0,0,-270.4394203712878,0,0,0,0,-255.07129527975607,0,-199.21032618437215,-195.41028898636773,-238.8881742277117,-244.13548036513478,-232.21827161026965,-216.5740735022464,-228.77674028607518,-197.68154389206828,-276.96221724316405
seq_600,0,0,0,0,0,0,0,0,0,0,0,0,0,0,0,0,0,-311.68232974039154,0,0,0,0,-291.50965624248727,0,-286.6403852216899,-274.3485979216187,-291.51317785351006,-290.38155393417554,-268.6439007672763,-276.95714138412586,-278.95703344174416,-275.73894447657113,-297.5587686657571
